id;ancien_chemin
afn-aux-0001;"AFN Forces auxiliaires\1. GMS et GMPR bis\001. GMPR SNF.jpeg"
afn-aux-0002;"AFN Forces auxiliaires\1. GMS et GMPR bis\002. GMS SNF.jpeg"
afn-aux-0003;"AFN Forces auxiliaires\1. GMS et GMPR bis\003. 4° GMPR Augis.jpeg"
afn-aux-0004;"AFN Forces auxiliaires\1. GMS et GMPR bis\004. 5° GMS DP.jpeg"
afn-aux-0005;"AFN Forces auxiliaires\1. GMS et GMPR bis\005. GMS 19 ABP.jpeg"
afn-aux-0006;"AFN Forces auxiliaires\1. GMS et GMPR bis\006. GMS 39 ABP.jpeg"
afn-aux-0007;"AFN Forces auxiliaires\1. GMS et GMPR bis\007. 43° GMPR.jpeg"
afn-aux-0008;"AFN Forces auxiliaires\1. GMS et GMPR bis\008. 49° GMPR ABP.jpeg"
afn-aux-0009;"AFN Forces auxiliaires\1. GMS et GMPR bis\009. GMS 62 DP N° 5.jpeg"
afn-aux-0010;"AFN Forces auxiliaires\1. GMS et GMPR bis\010. 58° GMPR SNF.jpeg"
afn-aux-0011;"AFN Forces auxiliaires\1. GMS et GMPR bis\012. GMS Tunisie AB.jpeg"
afn-aux-0012;"AFN Forces auxiliaires\1. GMS et GMPR bis\013. GMS Tunisie SNF.jpeg"
afn-aux-0013;"AFN Forces auxiliaires\1. GMS et GMPR bis\014. GMS Tunisie DRB.jpeg"
afn-aux-0014;"AFN Forces auxiliaires\1. GMS et GMPR bis\015. Garde noire du Sultan DP.jpeg"
afn-aux-0015;"AFN Forces auxiliaires\3. Makhzens et forces auxiliaires\32 Makhzen d'intervention - ABP.jpeg"
afn-aux-0016;"AFN Forces auxiliaires\3. Makhzens et forces auxiliaires\41 Bataillon du Doui DP.jpeg"
afn-aux-0017;"AFN Forces auxiliaires\3. Makhzens et forces auxiliaires\030. Makhzen Marrakech - DP.jpeg"
afn-aux-0018;"AFN Forces auxiliaires\3. Makhzens et forces auxiliaires\031. Makhzen Fés - Mardini.jpeg"
afn-aux-0019;"AFN Forces auxiliaires\3. Makhzens et forces auxiliaires\033. DAU Marrakech - ABP.jpeg"
afn-aux-0020;"AFN Forces auxiliaires\3. Makhzens et forces auxiliaires\034. Makhzen Sud tunisien DRB.jpeg"
afn-aux-0021;"AFN Forces auxiliaires\3. Makhzens et forces auxiliaires\035. Makhzen Sud tunisien DRB.png"
afn-aux-0022;"AFN Forces auxiliaires\3. Makhzens et forces auxiliaires\036. Makhzen Sud tunisien DOM.jpeg"
afn-aux-0023;"AFN Forces auxiliaires\3. Makhzens et forces auxiliaires\039. FAFM SNF.png"
afn-aux-0024;"AFN Forces auxiliaires\3. Makhzens et forces auxiliaires\040. FAFM (béret).jpeg"
afn-aux-0025;"AFN Forces auxiliaires\3. Makhzens et forces auxiliaires\043. Maquis Bellounis Artisanale.jpeg"
afn-aux-0026;"AFN Forces auxiliaires\3. Makhzens et forces auxiliaires\044. Maquis Bellounis artisanale.png"
afn-aux-0027;"AFN Forces auxiliaires\3. Makhzens et forces auxiliaires\045. Autodéfense DP.jpeg"
afn-aux-0028;"AFN Forces auxiliaires\2. Mahkzens et GSP\017. 1° MMP ABP.jpeg"
afn-aux-0029;"AFN Forces auxiliaires\2. Mahkzens et GSP\018. 1° MMP ABP.jpeg"
afn-aux-0030;"AFN Forces auxiliaires\2. Mahkzens et GSP\019. 1° MMP ABP.jpeg"
afn-aux-0031;"AFN Forces auxiliaires\2. Mahkzens et GSP\020. 2° MMP ABP.jpeg"
afn-aux-0032;"AFN Forces auxiliaires\2. Mahkzens et GSP\021. 3° MMP ABP.jpeg"
afn-aux-0033;"AFN Forces auxiliaires\2. Mahkzens et GSP\022. 4° MMP ABP.jpeg"
afn-aux-0034;"AFN Forces auxiliaires\2. Mahkzens et GSP\023. 5° MMP.jpeg"
afn-aux-0035;"AFN Forces auxiliaires\2. Mahkzens et GSP\025. 1° GSP ABP.jpeg"
afn-aux-0036;"AFN Forces auxiliaires\2. Mahkzens et GSP\026. 2° GSP ABP.jpeg"
afn-aux-0037;"AFN Forces auxiliaires\2. Mahkzens et GSP\027. 3° GSP ABP.jpeg"
afn-aux-0038;"AFN Forces auxiliaires\2. Mahkzens et GSP\028. 4° GSP ABP.jpeg"
afn-aux-0039;"AFN Forces auxiliaires\2. Mahkzens et GSP\029. 1° PBP.jpeg"
afn-aux-0040;"AFN Forces auxiliaires\2. Mahkzens et GSP\037. Makhzen de Tunisie DRB.jpeg"
afn-cdo-0001;"AFN Cdos d'Afrique et d'AFN\1. Commandos d'Afrique et d'AFN 2017\001. Cdo d'Afrique AB - N° 1606).png"
afn-cdo-0002;"AFN Cdos d'Afrique et d'AFN\1. Commandos d'Afrique et d'AFN 2017\002. Cdo d'Afrique - (Graziani).jpeg"
afn-cdo-0003;"AFN Cdos d'Afrique et d'AFN\1. Commandos d'Afrique et d'AFN 2017\003. Cdo d'Afrique - (Graziani).jpeg"
afn-cdo-0004;"AFN Cdos d'Afrique et d'AFN\1. Commandos d'Afrique et d'AFN 2017\004. Cdo d'Afrique - Artisanale non connue.png"
afn-cdo-0005;"AFN Cdos d'Afrique et d'AFN\1. Commandos d'Afrique et d'AFN 2017\005. Cdo d'Afrique _Sans pitié_ - SNF.png"
afn-cdo-0006;"AFN Cdos d'Afrique et d'AFN\1. Commandos d'Afrique et d'AFN 2017\006. Cdo d'Afrique Escadron auto - SNF.png"
afn-cdo-0007;"AFN Cdos d'Afrique et d'AFN\1. Commandos d'Afrique et d'AFN 2017\007. Cdo de Provence - Fraisse-Demey.png"
afn-cdo-0008;"AFN Cdos d'Afrique et d'AFN\1. Commandos d'Afrique et d'AFN 2017\008. Groupe franc d'Afrique - Artisanale.jpeg"
afn-cdo-0009;"AFN Cdos d'Afrique et d'AFN\1. Commandos d'Afrique et d'AFN 2017\009. Corps franc d'Afrique - Artisanale.jpeg"
afn-cdo-0010;"AFN Cdos d'Afrique et d'AFN\1. Commandos d'Afrique et d'AFN 2017\010. Corps franc d'Afrique - Artisanale.png"
afn-cdo-0011;"AFN Cdos d'Afrique et d'AFN\1. Commandos d'Afrique et d'AFN 2017\011. GCTST Artisanale - (N° 207).jpeg"
afn-cdo-0012;"AFN Cdos d'Afrique et d'AFN\1. Commandos d'Afrique et d'AFN 2017\012. GSTST Artisanale - (N° 758).png"
afn-cdo-0013;"AFN Cdos d'Afrique et d'AFN\1. Commandos d'Afrique et d'AFN 2017\013. GCTST Artisanale - (N° 168).jpeg"
afn-cdo-0014;"AFN Cdos d'Afrique et d'AFN\2. Commandos d'Afrique et d'AFN 2017\014. GCCA DP.jpeg"
afn-cdo-0015;"AFN Cdos d'Afrique et d'AFN\2. Commandos d'Afrique et d'AFN 2017\015. Cdos de chasse DP.jpeg"
afn-cdo-0016;"AFN Cdos d'Afrique et d'AFN\2. Commandos d'Afrique et d'AFN 2017\016. Cdo Cobra DP (N° 352).jpeg"
afn-cdo-0017;"AFN Cdos d'Afrique et d'AFN\2. Commandos d'Afrique et d'AFN 2017\017. Cdo Georges DP.jpeg"
afn-cdo-0018;"AFN Cdos d'Afrique et d'AFN\2. Commandos d'Afrique et d'AFN 2017\018. Cdo Georges Artisanale.jpeg"
afn-cdo-0019;"AFN Cdos d'Afrique et d'AFN\2. Commandos d'Afrique et d'AFN 2017\019. Cdo Georges Artisanale.jpeg"
afn-cdo-0020;"AFN Cdos d'Afrique et d'AFN\2. Commandos d'Afrique et d'AFN 2017\020. Cdo Georges DP.jpeg"
afn-cdo-0021;"AFN Cdos d'Afrique et d'AFN\2. Commandos d'Afrique et d'AFN 2017\021. Cdo Partisan 4 DP.jpeg"
afn-cdo-0022;"AFN Cdos d'Afrique et d'AFN\2. Commandos d'Afrique et d'AFN 2017\022. Cdo Partisan 4 AB.jpeg"
afn-cdo-0023;"AFN Cdos d'Afrique et d'AFN\2. Commandos d'Afrique et d'AFN 2017\023. Cdo Raynal DP.jpeg"
afn-cdo-0024;"AFN Cdos d'Afrique et d'AFN\2. Commandos d'Afrique et d'AFN 2017\024. Cdo Griffon DP.jpeg"
afn-cdo-0025;"AFN Cdos d'Afrique et d'AFN\2. Commandos d'Afrique et d'AFN 2017\025. Cdo Kimono 2 DP.jpeg"
afn-cdo-0026;"AFN Cdos d'Afrique et d'AFN\3. Commandos d'Afrique et d'AFN 2017\026. Cdo noir du 20° RD DP.jpeg"
afn-cdo-0027;"AFN Cdos d'Afrique et d'AFN\3. Commandos d'Afrique et d'AFN 2017\027. Cdo Kimono 4 Augis.jpeg"
afn-cdo-0028;"AFN Cdos d'Afrique et d'AFN\3. Commandos d'Afrique et d'AFN 2017\028. Cdo 12 DP.jpeg"
afn-cdo-0029;"AFN Cdos d'Afrique et d'AFN\3. Commandos d'Afrique et d'AFN 2017\029. Cdo 12 DP.jpeg"
afn-cdo-0030;"AFN Cdos d'Afrique et d'AFN\3. Commandos d'Afrique et d'AFN 2017\030. Cdo Partisan 16 DP.jpeg"
afn-cdo-0031;"AFN Cdos d'Afrique et d'AFN\3. Commandos d'Afrique et d'AFN 2017\031. Cdo V.38 DP.jpeg"
afn-cdo-0032;"AFN Cdos d'Afrique et d'AFN\3. Commandos d'Afrique et d'AFN 2017\032. Cdo 40 DP.jpeg"
afn-cdo-0033;"AFN Cdos d'Afrique et d'AFN\3. Commandos d'Afrique et d'AFN 2017\033. Cdo Toma V.41 DP.jpeg"
afn-cdo-0034;"AFN Cdos d'Afrique et d'AFN\3. Commandos d'Afrique et d'AFN 2017\034. Cdo 45 DP.jpeg"
afn-cdo-0035;"AFN Cdos d'Afrique et d'AFN\3. Commandos d'Afrique et d'AFN 2017\035. Cdo 81 SNF.jpeg"
afn-cdo-0036;"AFN Cdos d'Afrique et d'AFN\3. Commandos d'Afrique et d'AFN 2017\036. Cdo 295 8° Zouaves ABP.jpeg"
afn-cdo-0037;"AFN Cdos d'Afrique et d'AFN\3. Commandos d'Afrique et d'AFN 2017\037. Cdo 295 8° Zouaves ABP.jpeg"
afn-cdo-0038;"AFN Cdos d'Afrique et d'AFN\3. Commandos d'Afrique et d'AFN 2017\038. Cdo 8° RI DP.jpeg"
afn-cdo-0039;"AFN Cdos d'Afrique et d'AFN\4. Commandos d'Afrique et d'AFN 2017\006. Harka 413 DP.jpeg"
afn-cdo-0040;"AFN Cdos d'Afrique et d'AFN\4. Commandos d'Afrique et d'AFN 2017\039. Cdo 57° RI DP.jpeg"
afn-cdo-0041;"AFN Cdos d'Afrique et d'AFN\4. Commandos d'Afrique et d'AFN 2017\040. Cdo 94° RI DP.jpeg"
afn-cdo-0042;"AFN Cdos d'Afrique et d'AFN\4. Commandos d'Afrique et d'AFN 2017\041. Cdo 94° RI DP.jpeg"
afn-cdo-0043;"AFN Cdos d'Afrique et d'AFN\4. Commandos d'Afrique et d'AFN 2017\042. Cdo 9° RIMa DP.jpeg"
afn-cdo-0044;"AFN Cdos d'Afrique et d'AFN\4. Commandos d'Afrique et d'AFN 2017\043. Harka 203_211 SNF.jpeg"
afn-cdo-0045;"AFN Cdos d'Afrique et d'AFN\4. Commandos d'Afrique et d'AFN 2017\044. Harka 408 DP.jpeg"
afn-cdo-0046;"AFN Cdos d'Afrique et d'AFN\4. Commandos d'Afrique et d'AFN 2017\045. Harka 412 DP.jpeg"
afn-cdo-0047;"AFN Cdos d'Afrique et d'AFN\4. Commandos d'Afrique et d'AFN 2017\047. Harka 417 DP.jpeg"
afn-cdo-0048;"AFN Cdos d'Afrique et d'AFN\4. Commandos d'Afrique et d'AFN 2017\048. Harka 417 DP.jpeg"
afn-cdo-0049;"AFN Cdos d'Afrique et d'AFN\4. Commandos d'Afrique et d'AFN 2017\049. Harka 601 Colbert DP.jpeg"
afn-cdo-0050;"AFN Cdos d'Afrique et d'AFN\4. Commandos d'Afrique et d'AFN 2017\050. Harka 601 Colbert DP.jpeg"
afn-cdo-0051;"AFN Cdos d'Afrique et d'AFN\4. Commandos d'Afrique et d'AFN 2017\051. Harka 601 Colbert DP.jpeg"
afn-cdo-0052;"AFN Cdos d'Afrique et d'AFN\4. Commandos d'Afrique et d'AFN 2017\052. Harka de Bordj Séline DP.jpeg"
afn-cdo-0053;"AFN Cdos d'Afrique et d'AFN\5. Commandos d'Afrique et d'AFN 2017\053. Cdo Trepel DPN.jpeg"
afn-cdo-0054;"AFN Cdos d'Afrique et d'AFN\5. Commandos d'Afrique et d'AFN 2017\054. Cdo Trepel DP.jpeg"
afn-cdo-0055;"AFN Cdos d'Afrique et d'AFN\5. Commandos d'Afrique et d'AFN 2017\055. Cdo Yatagan ABP.jpeg"
afn-cdo-0056;"AFN Cdos d'Afrique et d'AFN\5. Commandos d'Afrique et d'AFN 2017\056. BIFM ABP.jpeg"
afn-cdo-0057;"AFN Cdos d'Afrique et d'AFN\5. Commandos d'Afrique et d'AFN 2017\057. BRCS Augis.jpeg"
afn-cdo-0058;"AFN Cdos d'Afrique et d'AFN\5. Commandos d'Afrique et d'AFN 2017\058. Commando Goyheneix (8° RSA) DP.png"
afn-cdo-0059;"AFN Cdos d'Afrique et d'AFN\5. Commandos d'Afrique et d'AFN 2017\059. GCPA DP.jpeg"
afn-cdo-0060;"AFN Cdos d'Afrique et d'AFN\5. Commandos d'Afrique et d'AFN 2017\060. Aurès – Nemencha DP.jpeg"
afn-cdo-0061;"AFN Cdos d'Afrique et d'AFN\5. Commandos d'Afrique et d'AFN 2017\061. Cdo Tempête Courtois.jpeg"
afn-div-0001;"AFN Unités diverses\1. BILA\001. 1° BILA DOM Argent.jpeg"
afn-div-0002;"AFN Unités diverses\1. BILA\002. 1° BILA DRB.jpeg"
afn-div-0003;"AFN Unités diverses\1. BILA\003. 1° BILA SNF.jpeg"
afn-div-0004;"AFN Unités diverses\1. BILA\004. 3° BILA DP Argent.jpeg"
afn-div-0005;"AFN Unités diverses\1. BILA\005. 3° BILA DP.jpeg"
afn-div-0006;"AFN Unités diverses\1. BILA\006. 3° BILA ADP.jpeg"
afn-div-0007;"AFN Unités diverses\1. BILA\007. 3° BILA DP.jpeg"
afn-div-0008;"AFN Unités diverses\1. BILA\008. 11° BILA SNF.jpeg"
afn-div-0009;"AFN Unités diverses\1. BILA\009. 11° BILA Artisanale.jpeg"
afn-div-0010;"AFN Unités diverses\1. BILA\010. 12° BILA (_) Artisanale.jpeg"
afn-div-0011;"AFN Unités diverses\1. BILA\015. CILA DP.jpeg"
afn-div-0012;"AFN Unités diverses\1. BILA\016. CILA DP Argent.jpeg"
afn-div-0013;"AFN Unités diverses\1. BILA\018. 1° BILA DOM Argent.jpeg"
afn-div-0014;"AFN Unités diverses\1. BILA\019. 3° CILA DP.jpeg"
afn-div-0015;"AFN Unités diverses\2. BILA\012. 28° BILA SNF.png"
afn-div-0016;"AFN Unités diverses\2. BILA\013. 28° BILA.png"
afn-div-0017;"AFN Unités diverses\2. BILA\014. CSTM DP.png"
afn-div-0018;"AFN Unités diverses\2. BILA\017. ½ Brigade ILA ABPD.jpeg"
afn-div-0019;"AFN Unités diverses\2. BILA\020. BILA non identifié SNF.jpeg"
afn-div-0020;"AFN Unités diverses\UT AFN\001. UTA 150 Alger DP G. 1543.png"
afn-div-0021;"AFN Unités diverses\UT AFN\002. UT 173 Mostaganem Courtois.png"
afn-div-0022;"AFN Unités diverses\UT AFN\003. UTA 195 Oran-Alger-Bône DP.jpeg"
afn-div-0023;"AFN Unités diverses\UT AFN\004. UT Bône Augis G.1490.png"
afn-div-0024;"AFN Unités diverses\UT AFN\005. UT Mostaganem DP.jpeg"
afn-div-0025;"AFN Unités diverses\UT AFN\006. UT Oranie G. 1491 DRR.jpeg"
afn-div-0026;"AFN Unités diverses\UT AFN\007. UT Sidi-Bel-Abbès DP 1520.jpeg"
afn-div-0027;"AFN Unités diverses\UT AFN\008. UT Tébessa AB.jpeg"
afn-div-0028;"AFN Unités diverses\UT AFN\009. UT Tiaret DP.jpeg"
afn-div-0029;"AFN Unités diverses\UT AFN\010. UT Tlemcen DP G. 1651.jpeg"
afn-div-0030;"AFN Unités diverses\UT AFN\011. UT Zone Ouest Constantinois DP G. 1640.jpeg"
afn-div-0031;"AFN Unités diverses\UT AFN\012. ERALA Alger SNF.jpeg"
afn-div-0032;"AFN Unités diverses\11. AFN Pionniers et divers\001. 200° BPNA DP.jpeg"
afn-div-0033;"AFN Unités diverses\11. AFN Pionniers et divers\002. 201° BPNA SNF.jpeg"
afn-div-0034;"AFN Unités diverses\11. AFN Pionniers et divers\003. 201° BPNA SNF.jpeg"
afn-div-0035;"AFN Unités diverses\11. AFN Pionniers et divers\005. 202° BPNA SNF.jpeg"
afn-div-0036;"AFN Unités diverses\11. AFN Pionniers et divers\006. 202° BPNA SNF.jpeg"
afn-div-0037;"AFN Unités diverses\11. AFN Pionniers et divers\007. 203° BPNA DRB.jpeg"
afn-div-0038;"AFN Unités diverses\11. AFN Pionniers et divers\008. 301° BPNA DP.jpeg"
afn-div-0039;"AFN Unités diverses\11. AFN Pionniers et divers\009. 302° BPNA DP.jpeg"
afn-div-0040;"AFN Unités diverses\11. AFN Pionniers et divers\010. BPNA non identifié SNF.jpeg"
afn-div-0041;"AFN Unités diverses\11. AFN Pionniers et divers\011. GCNA DP.jpeg"
afn-div-0042;"AFN Unités diverses\11. AFN Pionniers et divers\012. CCS Sétif (AB).jpeg"
afn-div-0043;"AFN Unités diverses\11. AFN Pionniers et divers\013. CII Constantine DP.jpeg"
afn-div-0044;"AFN Unités diverses\11. AFN Pionniers et divers\028. 201° BPNA F. Demey.jpeg"
afn-div-0045;"AFN Unités diverses\12. AFN Pionniers et divers\014. PAD 1° DIM SNF.jpeg"
afn-div-0046;"AFN Unités diverses\12. AFN Pionniers et divers\015. Cie sécurité Hué DOM.jpeg"
afn-div-0047;"AFN Unités diverses\12. AFN Pionniers et divers\016. Cie sécurité TouraneDOM.jpeg"
afn-div-0048;"AFN Unités diverses\12. AFN Pionniers et divers\017. GI 21 DRB.jpeg"
afn-div-0049;"AFN Unités diverses\12. AFN Pionniers et divers\018. CSTT DRB.jpeg"
afn-div-0050;"AFN Unités diverses\12. AFN Pionniers et divers\019. SEM CSTT DRB.jpeg"
afn-div-0051;"AFN Unités diverses\12. AFN Pionniers et divers\020. CJF 105 DRB.jpeg"
afn-div-0052;"AFN Unités diverses\12. AFN Pionniers et divers\021. Non identifié.jpeg"
afn-div-0053;"AFN Unités diverses\12. AFN Pionniers et divers\022. Autodéfense.jpeg"
afn-div-0054;"AFN Unités diverses\12. AFN Pionniers et divers\023. STS Non identifié Art. AFN.jpeg"
afn-div-0055;"AFN Unités diverses\12. AFN Pionniers et divers\024. Non identifié Art. EO.jpeg"
afn-div-0056;"AFN Unités diverses\12. AFN Pionniers et divers\025. CGPA Decat.jpeg"
afn-div-0057;"AFN Unités diverses\12. AFN Pionniers et divers\026. 2° CA non identifié.jpeg"
afn-div-0058;"AFN Unités diverses\12. AFN Pionniers et divers\027. Non identifié.jpeg"
afn-div-0059;"AFN Unités diverses\12. AFN Pionniers et divers\042. CATTD Isler.jpeg"
afn-div-0060;"AFN Unités diverses\13. AFN Pionniers et divers\029. Affaires sahariennes DP Argent.jpeg"
afn-div-0061;"AFN Unités diverses\13. AFN Pionniers et divers\030. Affaires Indigènes TunisieDRB.jpeg"
afn-div-0062;"AFN Unités diverses\13. AFN Pionniers et divers\031. Affaires indigènes AlgérieSNF.jpeg"
afn-div-0063;"AFN Unités diverses\13. AFN Pionniers et divers\032. AMM Artisanale.jpeg"
afn-div-0064;"AFN Unités diverses\13. AFN Pionniers et divers\033. AMM DOM.jpeg"
afn-div-0065;"AFN Unités diverses\13. AFN Pionniers et divers\034. SAS DP.jpeg"
afn-div-0066;"AFN Unités diverses\13. AFN Pionniers et divers\035. SAS DP.jpeg"
afn-div-0067;"AFN Unités diverses\13. AFN Pionniers et divers\036. Cercle de Marnia SNF.jpeg"
afn-div-0068;"AFN Unités diverses\13. AFN Pionniers et divers\037. SAS de Champlain DP.jpeg"
afn-div-0069;"AFN Unités diverses\13. AFN Pionniers et divers\038. EMPNA DRB.jpeg"
afn-div-0070;"AFN Unités diverses\13. AFN Pionniers et divers\039. Opération Torch.jpeg"
afn-div-0071;"AFN Unités diverses\13. AFN Pionniers et divers\040. Opération Torch Alger Artisanale.jpeg"
afn-div-0072;"AFN Unités diverses\13. AFN Pionniers et divers\041. Opération Torch AFN Artisanale.jpeg"
afn-div-0073;"AFN Unités diverses\13. AFN Pionniers et divers\043. Victoria Tunisia Artisanale.jpeg"
afn-div-0074;"AFN Unités diverses\Gpes Bons Cies AFN\001. GNA BMZ 9 Art.jpeg"
afn-div-0075;"AFN Unités diverses\Gpes Bons Cies AFN\002. 21° CNA Art.jpeg"
afn-div-0076;"AFN Unités diverses\Gpes Bons Cies AFN\003. 21° CNA Art.jpeg"
afn-div-0077;"AFN Unités diverses\Gpes Bons Cies AFN\004. 21° CNA Le Caire.jpeg"
afn-div-0078;"AFN Unités diverses\Gpes Bons Cies AFN\005. 22° BMNA Art.jpeg"
afn-div-0079;"AFN Unités diverses\Gpes Bons Cies AFN\006. 22° BMNA Art.jpeg"
afn-div-0080;"AFN Unités diverses\Gpes Bons Cies AFN\007. 22° BMNA Art.jpeg"
afn-div-0081;"AFN Unités diverses\Gpes Bons Cies AFN\008. 22° BMNA Art.jpeg"
afn-div-0082;"AFN Unités diverses\Gpes Bons Cies AFN\009. 23° CAN Art.jpeg"
afn-div-0083;"AFN Unités diverses\Gpes Bons Cies AFN\010. 6° BPINA ABP.jpeg"
afn-div-0084;"AFN Unités diverses\Gpes Bons Cies AFN\012. RMNAP SNF.jpeg"
afn-div-0085;"AFN Unités diverses\Gpes Bons Cies AFN\013. CQG Augis.jpeg"
afn-div-0086;"AFN Unités diverses\Gpes Bons Cies AFN\014. CDAC fond plein SNF.jpeg"
afn-div-0087;"AFN Unités diverses\Gpes Bons Cies AFN\015. CDAC ajouré SNF.jpeg"
afn-div-0088;"AFN Unités diverses\Gpes Bons Cies AFN\016. Cie de garde Augis.jpeg"
afn-div-0089;"AFN Unités diverses\Gpes Bons Cies AFN\017. Cdt CGPGA - DP.jpeg"
afn-div-0090;"AFN Unités diverses\Gpes Bons Cies AFN\018. CGPGA (Inf.) Decat.jpeg"
afn-div-0091;"AFN Unités diverses\Gpes Bons Cies AFN\019. CGPGA (Colo) DRB.jpeg"
afn-div-0092;"AFN Unités diverses\Gpes Bons Cies AFN\020. CGPGA (RTA) Courtois.jpeg"
afn-div-0093;"AFN Unités diverses\Gpes Bons Cies AFN\021. CGPGA (RTM) Courtois.jpeg"
afn-div-0094;"AFN Unités diverses\Gpes Bons Cies AFN\022. Cie de garde Augis émail.jpeg"
afn-gtm-0001;"AFN GTM Goums\1. GTM 1° à  2°\001. MM DPN.jpeg"
afn-gtm-0002;"AFN GTM Goums\1. GTM 1° à  2°\002. GMM DOM Argent.jpeg"
afn-gtm-0003;"AFN GTM Goums\1. GTM 1° à  2°\003. GMM DOM.jpeg"
afn-gtm-0004;"AFN GTM Goums\1. GTM 1° à  2°\004. GMM Art.jpeg"
afn-gtm-0005;"AFN GTM Goums\1. GTM 1° à  2°\006. GMM Argt.jpeg"
afn-gtm-0006;"AFN GTM Goums\1. GTM 1° à  2°\007. GMM SNF.jpeg"
afn-gtm-0007;"AFN GTM Goums\1. GTM 1° à  2°\008. Non identifié Artisanale.jpeg"
afn-gtm-0008;"AFN GTM Goums\1. GTM 1° à  2°\009. 1° GTM DP.jpeg"
afn-gtm-0009;"AFN GTM Goums\1. GTM 1° à  2°\010. 2° Goum SNF N° 616.jpeg"
afn-gtm-0010;"AFN GTM Goums\1. GTM 1° à  2°\011. 2° Goum SNF N° 2887.jpeg"
afn-gtm-0011;"AFN GTM Goums\1. GTM 1° à  2°\012. 2° Goum SNF peint.jpeg"
afn-gtm-0012;"AFN GTM Goums\1. GTM 1° à  2°\013. 2° Goum Artisanale AFN.jpeg"
afn-gtm-0013;"AFN GTM Goums\1. GTM 1° à  2°\014. 2° GTM SNF. N° 614.jpeg"
afn-gtm-0014;"AFN GTM Goums\1. GTM 1° à  2°\015. 2° GTM SNF.jpeg"
afn-gtm-0015;"AFN GTM Goums\1. GTM 1° à  2°\064. GMM SNF.jpeg"
afn-gtm-0016;"AFN GTM Goums\1. GTM 1° à  2°\066. GMM Mardini.jpeg"
afn-gtm-0017;"AFN GTM Goums\2. GTM 3°à 4°\016. 3° GTM DOM.jpeg"
afn-gtm-0018;"AFN GTM Goums\2. GTM 3°à 4°\017. 3° GTM SNF.jpeg"
afn-gtm-0019;"AFN GTM Goums\2. GTM 3°à 4°\018. 3° GTM Augis.jpeg"
afn-gtm-0020;"AFN GTM Goums\2. GTM 3°à 4°\019. 3° GTM Augis.jpeg"
afn-gtm-0021;"AFN GTM Goums\2. GTM 3°à 4°\020. 3° GTM Augis.jpeg"
afn-gtm-0022;"AFN GTM Goums\2. GTM 3°à 4°\021. 3° GTM SNF.jpeg"
afn-gtm-0023;"AFN GTM Goums\2. GTM 3°à 4°\022. 3° GTM Augis.jpeg"
afn-gtm-0024;"AFN GTM Goums\2. GTM 3°à 4°\023. 3° GTM A. Mardini.jpeg"
afn-gtm-0025;"AFN GTM Goums\2. GTM 3°à 4°\024. 4° GTM DRB Argent.jpeg"
afn-gtm-0026;"AFN GTM Goums\2. GTM 3°à 4°\025. 4° GTM DRB.jpeg"
afn-gtm-0027;"AFN GTM Goums\2. GTM 3°à 4°\026. 4° GTM DOM Argent.jpeg"
afn-gtm-0028;"AFN GTM Goums\2. GTM 3°à 4°\027. 4° GTM DOM.jpeg"
afn-gtm-0029;"AFN GTM Goums\2. GTM 3°à 4°\028. 4° GTM Mardini.jpeg"
afn-gtm-0030;"AFN GTM Goums\2. GTM 3°à 4°\029. 4° GTM AB.jpeg"
afn-gtm-0031;"AFN GTM Goums\2. GTM 3°à 4°\030. 4° GTM Art.jpeg"
afn-gtm-0032;"AFN GTM Goums\2. GTM 3°à 4°\031. 4° GTM Art. -.jpeg"
afn-gtm-0033;"AFN GTM Goums\2. GTM 3°à 4°\059. 3° GTM Augis.jpeg"
afn-gtm-0034;"AFN GTM Goums\3. GTM  EO à 18° Tabors\65 8° Tabor EO AB Argent N° 35.jpeg"
afn-gtm-0035;"AFN GTM Goums\3. GTM  EO à 18° Tabors\032. GTM EO DOM.jpeg"
afn-gtm-0036;"AFN GTM Goums\3. GTM  EO à 18° Tabors\033. GTM EO DOM Argent.jpeg"
afn-gtm-0037;"AFN GTM Goums\3. GTM  EO à 18° Tabors\035. GTM EO Locale.jpeg"
afn-gtm-0038;"AFN GTM Goums\3. GTM  EO à 18° Tabors\036. GTM EO Mardini.jpeg"
afn-gtm-0039;"AFN GTM Goums\3. GTM  EO à 18° Tabors\037. 1° Tabor EO DRR.jpeg"
afn-gtm-0040;"AFN GTM Goums\3. GTM  EO à 18° Tabors\038. 2° Tabor EO AB.jpeg"
afn-gtm-0041;"AFN GTM Goums\3. GTM  EO à 18° Tabors\039. 8° Tabor EO avec aigrette AB.jpeg"
afn-gtm-0042;"AFN GTM Goums\3. GTM  EO à 18° Tabors\040. 8° Tabors EO AB.jpeg"
afn-gtm-0043;"AFN GTM Goums\3. GTM  EO à 18° Tabors\041. 18° Goum EO DOM.jpeg"
afn-gtm-0044;"AFN GTM Goums\4. Goums 1° à 50°\042. 43. 18° Tabors DP - Réductions.jpeg"
afn-gtm-0045;"AFN GTM Goums\4. Goums 1° à 50°\044. 1° Goum SNF.jpeg"
afn-gtm-0046;"AFN GTM Goums\4. Goums 1° à 50°\045. 1° Goum DRB.jpeg"
afn-gtm-0047;"AFN GTM Goums\4. Goums 1° à 50°\046. 1° Goum DOM Argent.jpeg"
afn-gtm-0048;"AFN GTM Goums\4. Goums 1° à 50°\047. 13° Goum ABPD.jpeg"
afn-gtm-0049;"AFN GTM Goums\4. Goums 1° à 50°\048. 25° Goum.jpeg"
afn-gtm-0050;"AFN GTM Goums\4. Goums 1° à 50°\049. 27° Goum.jpeg"
afn-gtm-0051;"AFN GTM Goums\4. Goums 1° à 50°\050. 40° GMM (AB).jpeg"
afn-gtm-0052;"AFN GTM Goums\4. Goums 1° à 50°\051. 41° Goum DP.jpeg"
afn-gtm-0053;"AFN GTM Goums\4. Goums 1° à 50°\052. 44° Goum ABPD.jpeg"
afn-gtm-0054;"AFN GTM Goums\4. Goums 1° à 50°\053. 46° Goum ABPD.jpeg"
afn-gtm-0055;"AFN GTM Goums\4. Goums 1° à 50°\054. 48° Goums ABPD - _C'est juré_.jpeg"
afn-gtm-0056;"AFN GTM Goums\4. Goums 1° à 50°\055. 50° Goum ABPD.jpeg"
afn-gtm-0057;"AFN GTM Goums\4. Goums 1° à 50°\056. Goum Ouarsenis Ed. AV.jpeg"
afn-gtm-0058;"AFN GTM Goums\4. Goums 1° à 50°\057. Goum Tunisie - Augis.jpeg"
afn-gtm-0059;"AFN GTM Goums\4. Goums 1° à 50°\058. Goum non identifié - SNF.jpeg"
afn-gu-0001;"AFN Grandes unités\1. Grandes unités AFN\001. TF Maroc DRB Argent.jpeg"
afn-gu-0002;"AFN Grandes unités\1. Grandes unités AFN\002. TF Maroc DOM.jpeg"
afn-gu-0003;"AFN Grandes unités\1. Grandes unités AFN\003. 2° DIM Artisanale.jpeg"
afn-gu-0004;"AFN Grandes unités\1. Grandes unités AFN\004. 2° DIM DP.jpeg"
afn-gu-0005;"AFN Grandes unités\1. Grandes unités AFN\005. 2°DIM D. Dép.jpeg"
afn-gu-0006;"AFN Grandes unités\1. Grandes unités AFN\006. 2° DIM DOM Argent.jpeg"
afn-gu-0007;"AFN Grandes unités\1. Grandes unités AFN\007. 2° DIM D. Dép.jpeg"
afn-gu-0008;"AFN Grandes unités\1. Grandes unités AFN\008. 2° DIM DOM.jpeg"
afn-gu-0009;"AFN Grandes unités\1. Grandes unités AFN\009. 2° DIMSNF.jpeg"
afn-gu-0010;"AFN Grandes unités\1. Grandes unités AFN\010. 2° DIM Mardini.jpeg"
afn-gu-0011;"AFN Grandes unités\1. Grandes unités AFN\011. 3° DIA Artisanale.jpeg"
afn-gu-0012;"AFN Grandes unités\1. Grandes unités AFN\012. 3° DIA SNF.jpeg"
afn-gu-0013;"AFN Grandes unités\1. Grandes unités AFN\013. 3° DIA Locale.jpeg"
afn-gu-0014;"AFN Grandes unités\1. Grandes unités AFN\014. 3° DIA Mardini.jpeg"
afn-gu-0015;"AFN Grandes unités\1. Grandes unités AFN\015. 3° DIA SNF.jpeg"
afn-gu-0016;"AFN Grandes unités\1. Grandes unités AFN\016. 4° DMM Artisanale.jpeg"
afn-gu-0017;"AFN Grandes unités\1. Grandes unités AFN\017. 4° DMM D. Dép.jpeg"
afn-gu-0018;"AFN Grandes unités\1. Grandes unités AFN\018. 4° DMM DP.jpeg"
afn-gu-0019;"AFN Grandes unités\1. Grandes unités AFN\019. 4° DMM Augis.jpeg"
afn-gu-0020;"AFN Grandes unités\2. GU AFN\020. 5° DLC DRB.jpeg"
afn-gu-0021;"AFN Grandes unités\2. GU AFN\021. 5° DINA Augis.jpeg"
afn-gu-0022;"AFN Grandes unités\2. GU AFN\022. 21° DIA SNF.jpeg"
afn-gu-0023;"AFN Grandes unités\2. GU AFN\023. 21° DIA DP.jpeg"
afn-gu-0024;"AFN Grandes unités\2. GU AFN\024. 22° DIM DP. Argent.jpeg"
afn-gu-0025;"AFN Grandes unités\2. GU AFN\025. 22° DIM DP.jpeg"
afn-gu-0026;"AFN Grandes unités\2. GU AFN\026. 81° DIA Augis.jpeg"
afn-gu-0027;"AFN Grandes unités\2. GU AFN\027. 86° DI DRB.jpeg"
afn-gu-0028;"AFN Grandes unités\2. GU AFN\028. 87° DIA Augis_2.jpeg"
afn-gu-0029;"AFN Grandes unités\2. GU AFN\028. 87° DIA Augis.jpeg"
afn-gu-0030;"AFN Grandes unités\2. GU AFN\030. 1° DBMTA DRB.jpeg"
afn-gu-0031;"AFN Grandes unités\2. GU AFN\031. 1° DBMTA Artisanale.jpeg"
afn-gu-0032;"AFN Grandes unités\2. GU AFN\032. 4° DBAM DRB.jpeg"
afn-gu-0033;"AFN Grandes unités\2. GU AFN\049. 1° DBMTA DRB Argent.jpeg"
afn-gu-0034;"AFN Grandes unités\2. GU AFN\050. 21° DIAT DOM.jpeg"
afn-gu-0035;"AFN Grandes unités\2. GU AFN\051. 21° DIA SNF.jpeg"
afn-gu-0036;"AFN Grandes unités\3. GU AFN\033. 4° DBAM DRB.jpeg"
afn-gu-0037;"AFN Grandes unités\3. GU AFN\034. 4° DBAM DRB.jpeg"
afn-gu-0038;"AFN Grandes unités\3. GU AFN\035. 10° DBNA SNF.jpeg"
afn-gu-0039;"AFN Grandes unités\3. GU AFN\036. 10° DBNA Artisanale.jpeg"
afn-gu-0040;"AFN Grandes unités\3. GU AFN\037. GMNA AB.jpeg"
afn-gu-0041;"AFN Grandes unités\3. GU AFN\038. GMNA DOM.jpeg"
afn-gu-0042;"AFN Grandes unités\3. GU AFN\039. GMNA Locale.jpeg"
afn-gu-0043;"AFN Grandes unités\3. GU AFN\040. 21° Cie Cdt GMNA SNF.jpeg"
afn-gu-0044;"AFN Grandes unités\3. GU AFN\041. GM 2 (Drago).jpeg"
afn-gu-0045;"AFN Grandes unités\3. GU AFN\042. GM 3 SNF.jpeg"
afn-gu-0046;"AFN Grandes unités\3. GU AFN\043. GM 4 DOM.jpeg"
afn-gu-0047;"AFN Grandes unités\3. GU AFN\044. GM 4 Locale.jpeg"
afn-gu-0048;"AFN Grandes unités\3. GU AFN\045. GM 8 DP.jpeg"
afn-gu-0049;"AFN Grandes unités\3. GU AFN\046. GM 111 ABP.jpeg"
afn-gu-0050;"AFN Grandes unités\3. GU AFN\047. Div. de Meknés.jpeg"
afn-gu-0051;"AFN Grandes unités\3. GU AFN\048. Div. de Marrakech.jpeg"
afn-rca-0001;"AFN RCA\1. RCA 1° à 2°\001. RCA du CEF SNF.jpeg"
afn-rca-0002;"AFN RCA\1. RCA 1° à 2°\002. 1° RCA Artisanale AFN.jpeg"
afn-rca-0003;"AFN RCA\1. RCA 1° à 2°\003. 1° RCA SNF.jpeg"
afn-rca-0004;"AFN RCA\1. RCA 1° à 2°\004. 1° RCA Artisanale.jpeg"
afn-rca-0005;"AFN RCA\1. RCA 1° à 2°\005. 1° RCA SNF.jpeg"
afn-rca-0006;"AFN RCA\1. RCA 1° à 2°\006. 1° RCA ABPD.jpeg"
afn-rca-0007;"AFN RCA\1. RCA 1° à 2°\007. 1° RCA DP.jpeg"
afn-rca-0008;"AFN RCA\1. RCA 1° à 2°\008. 1° RCA Courtois.jpeg"
afn-rca-0009;"AFN RCA\1. RCA 1° à 2°\009. 1° RCA SNF.jpeg"
afn-rca-0010;"AFN RCA\1. RCA 1° à 2°\010. 1° RCA SNF (sur cuir).jpeg"
afn-rca-0011;"AFN RCA\1. RCA 1° à 2°\011. 2° RCA DRB.jpeg"
afn-rca-0012;"AFN RCA\1. RCA 1° à 2°\012. 2° RCA DPN.jpeg"
afn-rca-0013;"AFN RCA\1. RCA 1° à 2°\013. 2° RCA DRB.jpeg"
afn-rca-0014;"AFN RCA\1. RCA 1° à 2°\116. 2° RCA DPN - Argent.jpeg"
afn-rca-0015;"AFN RCA\1. RCA 1° à 2°\117. 2° RCA DRB - Argent.jpeg"
afn-rca-0016;"AFN RCA\2. RCA 2° à 4°\014. 2° RCA AB (poinçon).jpeg"
afn-rca-0017;"AFN RCA\2. RCA 2° à 4°\015. 2° RCA AB (poinçon).jpeg"
afn-rca-0018;"AFN RCA\2. RCA 2° à 4°\016. 2° RCA DP.jpeg"
afn-rca-0019;"AFN RCA\2. RCA 2° à 4°\017. 2° RCA SNF.jpeg"
afn-rca-0020;"AFN RCA\2. RCA 2° à 4°\018. 2° RCA SNF.jpeg"
afn-rca-0021;"AFN RCA\2. RCA 2° à 4°\019. 3° RCA ABPD.jpeg"
afn-rca-0022;"AFN RCA\2. RCA 2° à 4°\020. 3° RCA DRB Argent.jpeg"
afn-rca-0023;"AFN RCA\2. RCA 2° à 4°\021. 3° RCA DOM.jpeg"
afn-rca-0024;"AFN RCA\2. RCA 2° à 4°\022. 3° RCA DP.jpeg"
afn-rca-0025;"AFN RCA\2. RCA 2° à 4°\023. 3° RCA DOM.jpeg"
afn-rca-0026;"AFN RCA\2. RCA 2° à 4°\024. 4° RCA DRB.jpeg"
afn-rca-0027;"AFN RCA\2. RCA 2° à 4°\025. 4° RCA DP(peint).jpeg"
afn-rca-0028;"AFN RCA\2. RCA 2° à 4°\026. 4° RCA DRB.jpeg"
afn-rca-0029;"AFN RCA\2. RCA 2° à 4°\027. 4° RCA OFSI.jpeg"
afn-rca-0030;"AFN RCA\2. RCA 2° à 4°\028. 4° RCA Locale.jpeg"
afn-rca-0031;"AFN RCA\2. RCA 2° à 4°\110. Artisanale AFN.jpeg"
afn-rca-0032;"AFN RCA\3. RCA 4° à 5°\029. 4° RCA ABPD - (Esc. d’auto-mitrailleuses).jpeg"
afn-rca-0033;"AFN RCA\3. RCA 4° à 5°\030. 4° RCA SNF - (Esc. d’auto-mitrailleuses).jpeg"
afn-rca-0034;"AFN RCA\3. RCA 4° à 5°\031. CI 4° RCA - Drago Déposé.jpeg"
afn-rca-0035;"AFN RCA\3. RCA 4° à 5°\032. CI 4° RCA - Drago Déposé.jpeg"
afn-rca-0036;"AFN RCA\3. RCA 4° à 5°\033. CI 4° RCA - Drago Déposé.jpeg"
afn-rca-0037;"AFN RCA\3. RCA 4° à 5°\034. 4° RCA AB.jpeg"
afn-rca-0038;"AFN RCA\3. RCA 4° à 5°\035. 5° RCA SNF - (ou 3_1° RCA).jpeg"
afn-rca-0039;"AFN RCA\3. RCA 4° à 5°\036. 5° RCA SNF.jpeg"
afn-rca-0040;"AFN RCA\3. RCA 4° à 5°\037. 5° RCA DRB.jpeg"
afn-rca-0041;"AFN RCA\3. RCA 4° à 5°\038. 5° RCA SNF - Garde Général Weygand.jpeg"
afn-rca-0042;"AFN RCA\3. RCA 4° à 5°\039. 5° RCA DP.jpeg"
afn-rca-0043;"AFN RCA\3. RCA 4° à 5°\040. 5° RCA DP.jpeg"
afn-rca-0044;"AFN RCA\3. RCA 4° à 5°\041. 5° RCA DP.jpeg"
afn-rca-0045;"AFN RCA\3. RCA 4° à 5°\042. 5° RCA DP.jpeg"
afn-rca-0046;"AFN RCA\4. RCA 5° à 6°\043. 5° RCA Drago Dép.jpeg"
afn-rca-0047;"AFN RCA\4. RCA 5° à 6°\044. 5° RCA Aravit et Perez.jpeg"
afn-rca-0048;"AFN RCA\4. RCA 5° à 6°\045. 5° RCA DP.jpeg"
afn-rca-0049;"AFN RCA\4. RCA 5° à 6°\046. 5° RCA SNF.jpeg"
afn-rca-0050;"AFN RCA\4. RCA 5° à 6°\047. 5°RCA SNF(Delande_).jpeg"
afn-rca-0051;"AFN RCA\4. RCA 5° à 6°\048. 49. 50. 5° RCA SNF (fourragère).jpeg"
afn-rca-0052;"AFN RCA\4. RCA 5° à 6°\051. 6° RCA DRB.jpeg"
afn-rca-0053;"AFN RCA\4. RCA 5° à 6°\052. 6° RCA DP.jpeg"
afn-rca-0054;"AFN RCA\4. RCA 5° à 6°\053. 6° RCA A. Mardini.jpeg"
afn-rca-0055;"AFN RCA\4. RCA 5° à 6°\054. 6° RCA Arts et Insignes.jpeg"
afn-rca-0056;"AFN RCA\4. RCA 5° à 6°\055. 6° RCA DP.jpeg"
afn-rca-0057;"AFN RCA\4. RCA 5° à 6°\056. 6° RCA Augis.jpeg"
afn-rca-0058;"AFN RCA\4. RCA 5° à 6°\057. 6° RCA - Arts et Insignes.jpeg"
afn-rca-0059;"AFN RCA\4. RCA 5° à 6°\058. 6° RCA ABP.jpeg"
afn-rca-0060;"AFN RCA\4. RCA 5° à 6°\059. 6° RCA Artisanale Allemagne.jpeg"
afn-rca-0061;"AFN RCA\4. RCA 5° à 6°\118. 5° RCA Mourgeon.jpeg"
afn-rca-0062;"AFN RCA\6. RCA 7° à 9°\074. 7° RCA AB - (7 barré).jpeg"
afn-rca-0063;"AFN RCA\6. RCA 7° à 9°\075. 7° RCA AB.jpeg"
afn-rca-0064;"AFN RCA\6. RCA 7° à 9°\076. 7° RCA DP.jpeg"
afn-rca-0065;"AFN RCA\6. RCA 7° à 9°\077. 8° RCA DRB.jpeg"
afn-rca-0066;"AFN RCA\6. RCA 7° à 9°\078. 8° RCA DRB.jpeg"
afn-rca-0067;"AFN RCA\6. RCA 7° à 9°\079. 8° RCA Artisanale (Italie).jpeg"
afn-rca-0068;"AFN RCA\6. RCA 7° à 9°\080. 8° RCA SNF.jpeg"
afn-rca-0069;"AFN RCA\6. RCA 7° à 9°\081. 8° RCA Augis.jpeg"
afn-rca-0070;"AFN RCA\6. RCA 7° à 9°\082. 8° RCA Augis (alu).jpeg"
afn-rca-0071;"AFN RCA\6. RCA 7° à 9°\083. 8° RCA Courtois.jpeg"
afn-rca-0072;"AFN RCA\6. RCA 7° à 9°\084. 8° RCA DOM.jpeg"
afn-rca-0073;"AFN RCA\6. RCA 7° à 9°\085. 8° RCA DP.jpeg"
afn-rca-0074;"AFN RCA\6. RCA 7° à 9°\086. 9° RCA DRB.jpeg"
afn-rca-0075;"AFN RCA\6. RCA 7° à 9°\087. 9° RCA DPN.jpeg"
afn-rca-0076;"AFN RCA\6. RCA 7° à 9°\088. 9° RCA DP Argent.jpeg"
afn-rca-0077;"AFN RCA\7. RCA 9° à 12°\089. 9° RCA DP.jpeg"
afn-rca-0078;"AFN RCA\7. RCA 9° à 12°\090. 9° RCA AB.jpeg"
afn-rca-0079;"AFN RCA\7. RCA 9° à 12°\091. 9° RCA AB Argent.jpeg"
afn-rca-0080;"AFN RCA\7. RCA 9° à 12°\092. 10° GAPCA SNF.jpeg"
afn-rca-0081;"AFN RCA\7. RCA 9° à 12°\093. 10° GAPCA DRB.jpeg"
afn-rca-0082;"AFN RCA\7. RCA 9° à 12°\094. 11° RCA (AB) Mat.jpeg"
afn-rca-0083;"AFN RCA\7. RCA 9° à 12°\095. 11° RCA DRB.jpeg"
afn-rca-0084;"AFN RCA\7. RCA 9° à 12°\096. 11° RCA DRB.jpeg"
afn-rca-0085;"AFN RCA\7. RCA 9° à 12°\097. 11° RCA EO 75 SNF.jpeg"
afn-rca-0086;"AFN RCA\7. RCA 9° à 12°\098. 11° RCA DRB.jpeg"
afn-rca-0087;"AFN RCA\7. RCA 9° à 12°\099. 11° RCA DP.jpeg"
afn-rca-0088;"AFN RCA\7. RCA 9° à 12°\100. 11° RCA A. Mardini.jpeg"
afn-rca-0089;"AFN RCA\7. RCA 9° à 12°\101. 11° RCA allemande.jpeg"
afn-rca-0090;"AFN RCA\7. RCA 9° à 12°\102. 12° RCA DRB.jpeg"
afn-rca-0091;"AFN RCA\7. RCA 9° à 12°\103. 12° RCA SNF.jpeg"
afn-rca-0092;"AFN RCA\7. RCA 9° à 12°\104. 12° RCA Fab. Londres.jpeg"
afn-rca-0093;"AFN RCA\7. RCA 9° à 12°\105. 12° RCA Augis.jpeg"
afn-rca-0094;"AFN RCA\7. RCA 9° à 12°\106. 12° RCA Augis (Dakar).jpeg"
afn-rca-0095;"AFN RCA\7. RCA 9° à 12°\107. 12° RCA DOM.jpeg"
afn-rca-0096;"AFN RCA\7. RCA 9° à 12°\108. 12° RCA DP.jpeg"
afn-rca-0097;"AFN RCA\7. RCA 9° à 12°\109. 12° RCA (AB).jpeg"
afn-rca-0098;"AFN RCA\5. RCA 7°\060. 7° RCA Artisanale.jpeg"
afn-rca-0099;"AFN RCA\5. RCA 7°\061. Chantiers de jeunesse - (sans 7° RCA) Artisanale.jpeg"
afn-rca-0100;"AFN RCA\5. RCA 7°\062. 7° RCA Artisanale - (Chantiers de jeunesse).jpeg"
afn-rca-0101;"AFN RCA\5. RCA 7°\063. 7° RCA SNF - (Chantiers de jeunesse).jpeg"
afn-rca-0102;"AFN RCA\5. RCA 7°\064. 7° RCA Artisanale - Argent matriculé (Berlin).jpeg"
afn-rca-0103;"AFN RCA\5. RCA 7°\065. 7° RCA Artisanale - (Berlin).jpeg"
afn-rca-0104;"AFN RCA\5. RCA 7°\066. 7° RCA E. Mardini.jpeg"
afn-rca-0105;"AFN RCA\5. RCA 7°\067. 7° RCA SNF.jpeg"
afn-rca-0106;"AFN RCA\5. RCA 7°\068. 7° RCA SNF.jpeg"
afn-rca-0107;"AFN RCA\5. RCA 7°\069. 7° RCA DRB.jpeg"
afn-rca-0108;"AFN RCA\5. RCA 7°\070. 7° RCA DOM.jpeg"
afn-rca-0109;"AFN RCA\5. RCA 7°\071. 7° RCA SNFAttache à bascule.jpeg"
afn-rca-0110;"AFN RCA\5. RCA 7°\072. 7° RCA SNF - (3 anneaux, Berlin).jpeg"
afn-rca-0111;"AFN RCA\5. RCA 7°\073. 7° RCA SNF Argent - (Berlin).jpeg"
afn-rsa-0001;"AFN RSA RST\1. RSA RST 1° à 2°\001. 1° RSA DRB.jpeg"
afn-rsa-0002;"AFN RSA RST\1. RSA RST 1° à 2°\002. 1° RSA DRB.jpeg"
afn-rsa-0003;"AFN RSA RST\1. RSA RST 1° à 2°\003. 1° RSA DRB.jpeg"
afn-rsa-0004;"AFN RSA RST\1. RSA RST 1° à 2°\004. 1° RSA DRB.jpeg"
afn-rsa-0005;"AFN RSA RST\1. RSA RST 1° à 2°\005. 1° RSA A. et Pérez.jpeg"
afn-rsa-0006;"AFN RSA RST\1. RSA RST 1° à 2°\006. 1° RSA SNF.jpeg"
afn-rsa-0007;"AFN RSA RST\1. RSA RST 1° à 2°\007. 1° RSA SNF Argent.jpeg"
afn-rsa-0008;"AFN RSA RST\1. RSA RST 1° à 2°\008. 1° RSA SNF.jpeg"
afn-rsa-0009;"AFN RSA RST\1. RSA RST 1° à 2°\009. 1° RSA DRB.jpeg"
afn-rsa-0010;"AFN RSA RST\1. RSA RST 1° à 2°\010. 1° RSA DP.jpeg"
afn-rsa-0011;"AFN RSA RST\1. RSA RST 1° à 2°\011. 1° RSA DP.jpeg"
afn-rsa-0012;"AFN RSA RST\1. RSA RST 1° à 2°\012. 2° RSA DRB.jpeg"
afn-rsa-0013;"AFN RSA RST\1. RSA RST 1° à 2°\013. 2° RSA DRB.jpeg"
afn-rsa-0014;"AFN RSA RST\1. RSA RST 1° à 2°\014. 82° GRDI DRB.jpeg"
afn-rsa-0015;"AFN RSA RST\1. RSA RST 1° à 2°\015. 2° RSA DPN.jpeg"
afn-rsa-0016;"AFN RSA RST\1. RSA RST 1° à 2°\016. 2° RSA DPN.jpeg"
afn-rsa-0017;"AFN RSA RST\1. RSA RST 1° à 2°\017. 2° RSA DPN Argent.jpeg"
afn-rsa-0018;"AFN RSA RST\2. RSA RST 3°\018. 3° RSA ABPD.jpeg"
afn-rsa-0019;"AFN RSA RST\2. RSA RST 3°\019. 3° RSA SNF (peint).jpeg"
afn-rsa-0020;"AFN RSA RST\2. RSA RST 3°\020. 3° RSA ABPD Matriculé.jpeg"
afn-rsa-0021;"AFN RSA RST\2. RSA RST 3°\021. 3° RSA ABP.jpeg"
afn-rsa-0022;"AFN RSA RST\2. RSA RST 3°\022. 3° RSA SNF (émaillé).jpeg"
afn-rsa-0023;"AFN RSA RST\2. RSA RST 3°\023. 3° RSA DRB.jpeg"
afn-rsa-0024;"AFN RSA RST\2. RSA RST 3°\024. 3° RSA DOM.jpeg"
afn-rsa-0025;"AFN RSA RST\2. RSA RST 3°\025. 3° RSA DOM.jpeg"
afn-rsa-0026;"AFN RSA RST\2. RSA RST 3°\026. 3° RSA SNF.jpeg"
afn-rsa-0027;"AFN RSA RST\2. RSA RST 3°\027. 3° RSA Locale EO.jpeg"
afn-rsa-0028;"AFN RSA RST\2. RSA RST 3°\028. 3° RSA Locale EO.jpeg"
afn-rsa-0029;"AFN RSA RST\2. RSA RST 3°\029. 3° RSA SNF.jpeg"
afn-rsa-0030;"AFN RSA RST\2. RSA RST 3°\030. 3° RSA Mardini.jpeg"
afn-rsa-0031;"AFN RSA RST\2. RSA RST 3°\031. 3° RSA DP Argent.jpeg"
afn-rsa-0032;"AFN RSA RST\2. RSA RST 3°\032. 3° RSA DP.jpeg"
afn-rsa-0033;"AFN RSA RST\3. RSA RST 3° à 4°\033. 3° RSA Courtois.jpeg"
afn-rsa-0034;"AFN RSA RST\3. RSA RST 3° à 4°\034. 3° RSA Boutonnière Argent.jpeg"
afn-rsa-0035;"AFN RSA RST\3. RSA RST 3° à 4°\035. 87° GRDI SNF.jpeg"
afn-rsa-0036;"AFN RSA RST\3. RSA RST 3° à 4°\036. 4° RST Artisanale AFN.jpeg"
afn-rsa-0037;"AFN RSA RST\3. RSA RST 3° à 4°\037. 4°RST Artisanale AFN.jpeg"
afn-rsa-0038;"AFN RSA RST\3. RSA RST 3° à 4°\038. 4° RST SNF.jpeg"
afn-rsa-0039;"AFN RSA RST\3. RSA RST 3° à 4°\039. 4° RST 3° Eon Augis.jpeg"
afn-rsa-0040;"AFN RSA RST\3. RSA RST 3° à 4°\040. 4° RST 3° Eon Augis.jpeg"
afn-rsa-0041;"AFN RSA RST\3. RSA RST 3° à 4°\041. Escorte Général CSTT Augis.jpeg"
afn-rsa-0042;"AFN RSA RST\3. RSA RST 3° à 4°\042. 4° RST DP.jpeg"
afn-rsa-0043;"AFN RSA RST\3. RSA RST 3° à 4°\043. 4°RST Locale EO.jpeg"
afn-rsa-0044;"AFN RSA RST\3. RSA RST 3° à 4°\044. 4° RST Artisanale Tunisie.jpeg"
afn-rsa-0045;"AFN RSA RST\3. RSA RST 3° à 4°\045. 4° RST Artisanale _.jpeg"
afn-rsa-0046;"AFN RSA RST\3. RSA RST 3° à 4°\086. 3° RSA Allemagne.jpeg"
afn-rsa-0047;"AFN RSA RST\4. RSA RST 5° à 7°\047. 5° RSA DRB.jpeg"
afn-rsa-0048;"AFN RSA RST\4. RSA RST 5° à 7°\048. 5° RSA Artisanale AFN.jpeg"
afn-rsa-0049;"AFN RSA RST\4. RSA RST 5° à 7°\049. 5° RSA Artisanale AFN.jpeg"
afn-rsa-0050;"AFN RSA RST\4. RSA RST 5° à 7°\050. 5° RSA AB.jpeg"
afn-rsa-0051;"AFN RSA RST\4. RSA RST 5° à 7°\051. 5° RSA AB.jpeg"
afn-rsa-0052;"AFN RSA RST\4. RSA RST 5° à 7°\052. 5° RSA Courtois.jpeg"
afn-rsa-0053;"AFN RSA RST\4. RSA RST 5° à 7°\053. 6° RSA DRB.jpeg"
afn-rsa-0054;"AFN RSA RST\4. RSA RST 5° à 7°\054. 6° RSA DRB.jpeg"
afn-rsa-0055;"AFN RSA RST\4. RSA RST 5° à 7°\055. 6° RSA Art. AFN.jpeg"
afn-rsa-0056;"AFN RSA RST\4. RSA RST 5° à 7°\056. 6° RSA Art. AFN.jpeg"
afn-rsa-0057;"AFN RSA RST\4. RSA RST 5° à 7°\057. 6° GESA DRB.jpeg"
afn-rsa-0058;"AFN RSA RST\4. RSA RST 5° à 7°\058. 6° GESA DOM.jpeg"
afn-rsa-0059;"AFN RSA RST\4. RSA RST 5° à 7°\059. 6° GESA DOM Argent.jpeg"
afn-rsa-0060;"AFN RSA RST\4. RSA RST 5° à 7°\060. 7° RSA Art. Allemagne.jpeg"
afn-rsa-0061;"AFN RSA RST\4. RSA RST 5° à 7°\061. 7° RSA DRB.jpeg"
afn-rsa-0062;"AFN RSA RST\4. RSA RST 5° à 7°\062. 7° RSA DRB.jpeg"
afn-rsa-0063;"AFN RSA RST\4. RSA RST 5° à 7°\063. 7° RSA DP Argent.jpeg"
afn-rsa-0064;"AFN RSA RST\4. RSA RST 5° à 7°\064. 7° RSA DPN.jpeg"
afn-rsa-0065;"AFN RSA RST\5. RSA RST 7° à 10°\065. 7° RSA DP.jpeg"
afn-rsa-0066;"AFN RSA RST\5. RSA RST 7° à 10°\066. 8° RSA DRB.jpeg"
afn-rsa-0067;"AFN RSA RST\5. RSA RST 7° à 10°\067. 8° RSA DRB.jpeg"
afn-rsa-0068;"AFN RSA RST\5. RSA RST 7° à 10°\068. 8°RSA DOM.jpeg"
afn-rsa-0069;"AFN RSA RST\5. RSA RST 7° à 10°\069. 8°RSA Locale EO.jpeg"
afn-rsa-0070;"AFN RSA RST\5. RSA RST 7° à 10°\070. 8° RSA DP.jpeg"
afn-rsa-0071;"AFN RSA RST\5. RSA RST 7° à 10°\071. 8° RSA DP.jpeg"
afn-rsa-0072;"AFN RSA RST\5. RSA RST 7° à 10°\072. 8° RSA ABP.jpeg"
afn-rsa-0073;"AFN RSA RST\5. RSA RST 7° à 10°\073. Eon Spahis 2° RCA DRB.jpeg"
afn-rsa-0074;"AFN RSA RST\5. RSA RST 7° à 10°\074. 8° EST AB.jpeg"
afn-rsa-0075;"AFN RSA RST\5. RSA RST 7° à 10°\075. 9° RSA ABPD.jpeg"
afn-rsa-0076;"AFN RSA RST\5. RSA RST 7° à 10°\076. 9° RSA SNF (AB).jpeg"
afn-rsa-0077;"AFN RSA RST\5. RSA RST 7° à 10°\077. 9° RSA ABPD.jpeg"
afn-rsa-0078;"AFN RSA RST\5. RSA RST 7° à 10°\079. 9° RSA DP.jpeg"
afn-rsa-0079;"AFN RSA RST\5. RSA RST 7° à 10°\080. 9° GESA DP.jpeg"
afn-rsa-0080;"AFN RSA RST\5. RSA RST 7° à 10°\081. 10° RSA DP.jpeg"
afn-rsa-0081;"AFN RSA RST\5. RSA RST 7° à 10°\082. 10° GESA DP.jpeg"
afn-rsa-0082;"AFN RSA RST\5. RSA RST 7° à 10°\088. 7° RSA Artisanale.jpeg"
afn-rsa-0083;"AFN RSA RST\6. RSA RST 10° à EAMSA\038. 4° RST 88° GRDI SNF.jpeg"
afn-rsa-0084;"AFN RSA RST\6. RSA RST 10° à EAMSA\072. 12° GESA DP.jpeg"
afn-rsa-0085;"AFN RSA RST\6. RSA RST 10° à EAMSA\073. GSA Augis.jpeg"
afn-rsa-0086;"AFN RSA RST\6. RSA RST 10° à EAMSA\074. EAMSA DRB.jpeg"
afn-rsm-0001;"AFN RSM\1. 1° RSM\001. 1° RSM DRB - (burnous noir).jpeg"
afn-rsm-0002;"AFN RSM\1. 1° RSM\002. 1° RSM DRB - (burnous blanc, doré).jpeg"
afn-rsm-0003;"AFN RSM\1. 1° RSM\003. 1° RSM DRB (burnous blanc, argenté).jpeg"
afn-rsm-0004;"AFN RSM\1. 1° RSM\004. Escadron Jourdier (1).jpeg"
afn-rsm-0005;"AFN RSM\1. 1° RSM\005. Escadron Jourdier (2).jpeg"
afn-rsm-0006;"AFN RSM\1. 1° RSM\006. Escadron Jourdier (3).jpeg"
afn-rsm-0007;"AFN RSM\1. 1° RSM\007. 1° RSM Artisanale.jpeg"
afn-rsm-0008;"AFN RSM\1. 1° RSM\008. 1° RSM Artisanale.jpeg"
afn-rsm-0009;"AFN RSM\1. 1° RSM\009. 1° RSM SNF - (modèle amicale 2° DB).jpeg"
afn-rsm-0010;"AFN RSM\1. 1° RSM\010. 1° RSM Mellerio.jpeg"
afn-rsm-0011;"AFN RSM\1. 1° RSM\011. 1° RSM DP (bleu clair).jpeg"
afn-rsm-0012;"AFN RSM\1. 1° RSM\012. 1° RSM DRR (fonçé).jpeg"
afn-rsm-0013;"AFN RSM\1. 1° RSM\013. 1° RSM SNF.jpeg"
afn-rsm-0014;"AFN RSM\1. 1° RSM\014. 1° RSM G. E. Mardini.jpeg"
afn-rsm-0015;"AFN RSM\1. 1° RSM\015. 1° RSM DP - (découpé, argenté).jpeg"
afn-rsm-0016;"AFN RSM\1. 1° RSM\016. 1° RSM DP(fond évidé).jpeg"
afn-rsm-0017;"AFN RSM\1. 1° RSM\017. 1° RSM AB - (fond plein).jpeg"
afn-rsm-0018;"AFN RSM\1. 1° RSM\018. 1° RSM AB - (fond évidé).jpeg"
afn-rsm-0019;"AFN RSM\1. 1° RSM\084. 1° RSM - (Artisanale Levant).jpeg"
afn-rsm-0020;"AFN RSM\2. RSM 1° à  2°\019. 1° RSM DOM.jpeg"
afn-rsm-0021;"AFN RSM\2. RSM 1° à  2°\020. 1° RSM Courtois.jpeg"
afn-rsm-0022;"AFN RSM\2. RSM 1° à  2°\021. 1° RSM DP - (fond rouge).jpeg"
afn-rsm-0023;"AFN RSM\2. RSM 1° à  2°\022. 1° RSM Andor - (croix dorée).jpeg"
afn-rsm-0024;"AFN RSM\2. RSM 1° à  2°\023. 1° RSM Andor - (croix argentée).jpeg"
afn-rsm-0025;"AFN RSM\2. RSM 1° à  2°\024. 1° RSM DOM - Argent.jpeg"
afn-rsm-0026;"AFN RSM\2. RSM 1° à  2°\025. 1° RSM DP - (fond plein, argenté).jpeg"
afn-rsm-0027;"AFN RSM\2. RSM 1° à  2°\026. 1° RSM AB - (fond rouge).jpeg"
afn-rsm-0028;"AFN RSM\2. RSM 1° à  2°\027. 2° RSM DRB - (vert foncé, rouge vif).jpeg"
afn-rsm-0029;"AFN RSM\2. RSM 1° à  2°\028. 2° RSM DRB - (vert clair, rouge foncé).jpeg"
afn-rsm-0030;"AFN RSM\2. RSM 1° à  2°\029. 2° RSM_1° Escadron SNF.jpeg"
afn-rsm-0031;"AFN RSM\2. RSM 1° à  2°\030. RMSMEO DRB.jpeg"
afn-rsm-0032;"AFN RSM\2. RSM 1° à  2°\031. 2° RSM Courtois.jpeg"
afn-rsm-0033;"AFN RSM\2. RSM 1° à  2°\032. 2° RSM SNF.jpeg"
afn-rsm-0034;"AFN RSM\2. RSM 1° à  2°\033. 2° RSM DP - (centre étoile vert).jpeg"
afn-rsm-0035;"AFN RSM\2. RSM 1° à  2°\034. 2° RSM DOMArgent.jpeg"
afn-rsm-0036;"AFN RSM\2. RSM 1° à  2°\035. 2° RSM Art. EO.jpeg"
afn-rsm-0037;"AFN RSM\2. RSM 1° à  2°\036. 2° RSM DRR - (branches étoile évidées).jpeg"
afn-rsm-0038;"AFN RSM\2. RSM 1° à  2°\037. 2° RSM DRR - (fond violet translucide).jpeg"
afn-rsm-0039;"AFN RSM\2. RSM 1° à  2°\038. 2° RSM DP - (bordure vert foncé).jpeg"
afn-rsm-0040;"AFN RSM\5. RSM 6° à 24°\076. 6° RSM Commando B2 DRR.jpeg"
afn-rsm-0041;"AFN RSM\5. RSM 6° à 24°\077. 6° RSM DRR.jpeg"
afn-rsm-0042;"AFN RSM\5. RSM 6° à 24°\078. 23° RSM DP.jpeg"
afn-rsm-0043;"AFN RSM\5. RSM 6° à 24°\079. 24° RSM DP.jpeg"
afn-rsm-0044;"AFN RSM\5. RSM 6° à 24°\080. 24° RSM DP.jpeg"
afn-rsm-0045;"AFN RSM\5. RSM 6° à 24°\081. 2° GESAM DRB Matriculé.jpeg"
afn-rsm-0046;"AFN RSM\5. RSM 6° à 24°\082. Spahis d'Oudjak DRB.jpeg"
afn-rsm-0047;"AFN RSM\3. RSM 3° à 4°\039. 2° RSM Courtois - (sans bordure).jpeg"
afn-rsm-0048;"AFN RSM\3. RSM 3° à 4°\040. 2° RSM 1° Eon 1° Pon - DOM.jpeg"
afn-rsm-0049;"AFN RSM\3. RSM 3° à 4°\041. 2° RSM Pon Michaut - Art. EO.jpeg"
afn-rsm-0050;"AFN RSM\3. RSM 3° à 4°\042. 2° RSM Pon Michaut - Art. EO.jpeg"
afn-rsm-0051;"AFN RSM\3. RSM 3° à 4°\043. 3° RSM DRB.jpeg"
afn-rsm-0052;"AFN RSM\3. RSM 3° à 4°\044. 3° RSM DRB.jpeg"
afn-rsm-0053;"AFN RSM\3. RSM 3° à 4°\045. 3° RSM DRB Argenté.jpeg"
afn-rsm-0054;"AFN RSM\3. RSM 3° à 4°\046. 3° RSM DP.jpeg"
afn-rsm-0055;"AFN RSM\3. RSM 3° à 4°\047. 3° RSM DP.jpeg"
afn-rsm-0056;"AFN RSM\3. RSM 3° à 4°\048. 3° RSM Artisanale Italie.jpeg"
afn-rsm-0057;"AFN RSM\3. RSM 3° à 4°\049. 3° RSM Cartier.jpeg"
afn-rsm-0058;"AFN RSM\3. RSM 3° à 4°\050. 3° RSM _ DARR DP.jpeg"
afn-rsm-0059;"AFN RSM\3. RSM 3° à 4°\051. 1° Eon _ 3° RSM SNF (refrappe).jpeg"
afn-rsm-0060;"AFN RSM\3. RSM 3° à 4°\052. 89° GRDI _ 3° RSM - Artisanale AFN.jpeg"
afn-rsm-0061;"AFN RSM\3. RSM 3° à 4°\053. 4° RSM Cartier - Botte marron.jpeg"
afn-rsm-0062;"AFN RSM\3. RSM 3° à 4°\054. 4° RSM Cartier - Botte noire.jpeg"
afn-rsm-0063;"AFN RSM\3. RSM 3° à 4°\055. 4° RSM DRB.jpeg"
afn-rsm-0064;"AFN RSM\3. RSM 3° à 4°\056. 4° RSM DOM.jpeg"
afn-rsm-0065;"AFN RSM\3. RSM 3° à 4°\057. 4° RSM DRB.jpeg"
afn-rsm-0066;"AFN RSM\3. RSM 3° à 4°\058. 4° RSM DRB.jpeg"
afn-rsm-0067;"AFN RSM\4. RSM 4° à 6°\059. 4° RSM SNF.jpeg"
afn-rsm-0068;"AFN RSM\4. RSM 4° à 6°\060. 4° RSM Courtois.jpeg"
afn-rsm-0069;"AFN RSM\4. RSM 4° à 6°\061. 4° RSM Courtois.jpeg"
afn-rsm-0070;"AFN RSM\4. RSM 4° à 6°\062. 6° RSM Courtois.jpeg"
afn-rsm-0071;"AFN RSM\4. RSM 4° à 6°\062. 4° RSM Artisanale.jpeg"
afn-rsm-0072;"AFN RSM\4. RSM 4° à 6°\063. 6° RSM DOM Argent.jpeg"
afn-rsm-0073;"AFN RSM\4. RSM 4° à 6°\063. 4° RSM OFSI.jpeg"
afn-rsm-0074;"AFN RSM\4. RSM 4° à 6°\064. 4° RSM DP.jpeg"
afn-rsm-0075;"AFN RSM\4. RSM 4° à 6°\064. 6° RSM DOM (en relief).jpeg"
afn-rsm-0076;"AFN RSM\4. RSM 4° à 6°\065. 5° RSM DOM Argent.jpeg"
afn-rsm-0077;"AFN RSM\4. RSM 4° à 6°\066. 5° RSM DOM.jpeg"
afn-rsm-0078;"AFN RSM\4. RSM 4° à 6°\067. 5° RSM AB Argent.jpeg"
afn-rsm-0079;"AFN RSM\4. RSM 4° à 6°\068. 5° RSM Artisanale EO.jpeg"
afn-rsm-0080;"AFN RSM\4. RSM 4° à 6°\069. 6° RSM DRB.jpeg"
afn-rsm-0081;"AFN RSM\4. RSM 4° à 6°\070. 6° RSM DOM.jpeg"
afn-rsm-0082;"AFN RSM\4. RSM 4° à 6°\071. 6° RSM Courtois.jpeg"
afn-rsm-0083;"AFN RSM\4. RSM 4° à 6°\072. 6° RSM SNF.jpeg"
afn-rsm-0084;"AFN RSM\4. RSM 4° à 6°\083. 5° RSM Locale EO.jpeg"
afn-rta-0001;"AFN RTA\1. RTA 1° à BM 1°\001. 1° RTA SNF émaillé.jpeg"
afn-rta-0002;"AFN RTA\1. RTA 1° à BM 1°\002. 1° RTA (Delande).jpeg"
afn-rta-0003;"AFN RTA\1. RTA 1° à BM 1°\003. 1° RTA DRB.jpeg"
afn-rta-0004;"AFN RTA\1. RTA 1° à BM 1°\004. 1° RTA DRB (dos plein).jpeg"
afn-rta-0005;"AFN RTA\1. RTA 1° à BM 1°\005. 1° RTA DOM Argent.jpeg"
afn-rta-0006;"AFN RTA\1. RTA 1° à BM 1°\006. 1° RTA OFSI.jpeg"
afn-rta-0007;"AFN RTA\1. RTA 1° à BM 1°\007. 1° RTA SNF (estampé).jpeg"
afn-rta-0008;"AFN RTA\1. RTA 1° à BM 1°\008. 1° RTA Art. alu. AFN.jpeg"
afn-rta-0009;"AFN RTA\1. RTA 1° à BM 1°\009. 1° RTA AFN 1942 - aluminium.jpeg"
afn-rta-0010;"AFN RTA\1. RTA 1° à BM 1°\010. 1° RTA AFN 1942 - cuivre.jpeg"
afn-rta-0011;"AFN RTA\1. RTA 1° à BM 1°\011. 1° RTA Argent Levant.jpeg"
afn-rta-0012;"AFN RTA\1. RTA 1° à BM 1°\012. 1° RTA Art. Levant.jpeg"
afn-rta-0013;"AFN RTA\1. RTA 1° à BM 1°\013. 1° RTA Locale EO.jpeg"
afn-rta-0014;"AFN RTA\1. RTA 1° à BM 1°\014. 2° BM 1° RTA Argent.jpeg"
afn-rta-0015;"AFN RTA\1. RTA 1° à BM 1°\015. 2° BM 1° RTA DOM.jpeg"
afn-rta-0016;"AFN RTA\1. RTA 1° à BM 1°\016. 2° BM 1° RTA Loc. EO.jpeg"
afn-rta-0017;"AFN RTA\2. RTA BM 1° à 2°\017. 4° BM 1° RTA DRB Argent.jpeg"
afn-rta-0018;"AFN RTA\2. RTA BM 1° à 2°\018. 4° BM 1° RTA DRB.jpeg"
afn-rta-0019;"AFN RTA\2. RTA BM 1° à 2°\019. 4° BM 1° RTA Loc. EO.jpeg"
afn-rta-0020;"AFN RTA\2. RTA BM 1° à 2°\020. 4° BM 1°RTA Art. EO.jpeg"
afn-rta-0021;"AFN RTA\2. RTA BM 1° à 2°\021. 2° RTA Chobillon.jpeg"
afn-rta-0022;"AFN RTA\2. RTA BM 1° à 2°\022. 2° RTA DRB Peint.jpeg"
afn-rta-0023;"AFN RTA\2. RTA BM 1° à 2°\023. 2° RTA DRB Email.jpeg"
afn-rta-0024;"AFN RTA\2. RTA BM 1° à 2°\024. 2° RTA Art. AFN.jpeg"
afn-rta-0025;"AFN RTA\2. RTA BM 1° à 2°\025. 2° RTA Art. EO - ivoire.jpeg"
afn-rta-0026;"AFN RTA\2. RTA BM 1° à 2°\026. 2° RTA DOM Argent.jpeg"
afn-rta-0027;"AFN RTA\2. RTA BM 1° à 2°\027. 2° RTA DOM.jpeg"
afn-rta-0028;"AFN RTA\2. RTA BM 1° à 2°\028. 2° RTA DOM.jpeg"
afn-rta-0029;"AFN RTA\2. RTA BM 1° à 2°\029. 2° RTA OFSI.jpeg"
afn-rta-0030;"AFN RTA\2. RTA BM 1° à 2°\030. 2° RTA Locale EO.jpeg"
afn-rta-0031;"AFN RTA\2. RTA BM 1° à 2°\031. 2° RTA Locale EO.jpeg"
afn-rta-0032;"AFN RTA\2. RTA BM 1° à 2°\032. 2° RTA Locale EO.jpeg"
afn-rta-0033;"AFN RTA\2. RTA BM 1° à 2°\033. 2° RTA Locale EO.jpeg"
afn-rta-0034;"AFN RTA\3. RTA  3°\034. 3° RTA DP Argent (doré).jpeg"
afn-rta-0035;"AFN RTA\3. RTA  3°\035. 3°RTA DOM Argent.jpeg"
afn-rta-0036;"AFN RTA\3. RTA  3°\036. 3° RTA DRB Dos plein.jpeg"
afn-rta-0037;"AFN RTA\3. RTA  3°\037. 3° RTA DP.jpeg"
afn-rta-0038;"AFN RTA\3. RTA  3°\038. 3° RTA DP Estampé.jpeg"
afn-rta-0039;"AFN RTA\3. RTA  3°\039. 3° RTA DP - 105° Anniversaire.jpeg"
afn-rta-0040;"AFN RTA\3. RTA  3°\040. 3° RTA Trainier.jpeg"
afn-rta-0041;"AFN RTA\3. RTA  3°\041. 3° RTA Bombé - SNF.jpeg"
afn-rta-0042;"AFN RTA\3. RTA  3°\042. 3° RTA Plat - SNF.jpeg"
afn-rta-0043;"AFN RTA\3. RTA  3°\043. 3° RTA Argenté - SNF.jpeg"
afn-rta-0044;"AFN RTA\3. RTA  3°\044. 3° RTA Chromé - Artisanale.jpeg"
afn-rta-0045;"AFN RTA\3. RTA  3°\045. 3° RTA Chromé - Artisanale.jpeg"
afn-rta-0046;"AFN RTA\3. RTA  3°\046. 3° RTA Argenté - Artisanale.jpeg"
afn-rta-0047;"AFN RTA\3. RTA  3°\047. 3° RTA Couleur bronze - Artisanale.jpeg"
afn-rta-0048;"AFN RTA\3. RTA  3°\048. 3° RTA - Artisanale.jpeg"
afn-rta-0049;"AFN RTA\3. RTA  3°\049. 3° RTA - Artisanale.jpeg"
afn-rta-0050;"AFN RTA\4. RTA 3° à 6°\050. 3° RTA Arti. ItalieMétal léger.jpeg"
afn-rta-0051;"AFN RTA\4. RTA 3° à 6°\051. 3° RTA ArtisanaleArgent gravé.jpeg"
afn-rta-0052;"AFN RTA\4. RTA 3° à 6°\052. 3° RTA ChècheChèche.jpeg"
afn-rta-0053;"AFN RTA\4. RTA 3° à 6°\053. BM 3° RTA EO DRB.jpeg"
afn-rta-0054;"AFN RTA\4. RTA 3° à 6°\054. BM 3° RTA EO DRB.jpeg"
afn-rta-0055;"AFN RTA\4. RTA 3° à 6°\055. BM 3° RTA - Argent.jpeg"
afn-rta-0056;"AFN RTA\4. RTA 3° à 6°\056. BM 3° RTA EO Locale.jpeg"
afn-rta-0057;"AFN RTA\4. RTA 3° à 6°\057. BM 3° RTA EO Locale.jpeg"
afn-rta-0058;"AFN RTA\4. RTA 3° à 6°\058. 5° RTA Chobillon.jpeg"
afn-rta-0059;"AFN RTA\4. RTA 3° à 6°\059. 5° RTA Chobillon.jpeg"
afn-rta-0060;"AFN RTA\4. RTA 3° à 6°\060. 5° RTA DP Argent.jpeg"
afn-rta-0061;"AFN RTA\4. RTA 3° à 6°\061. 5° RTA DRB.jpeg"
afn-rta-0062;"AFN RTA\4. RTA 3° à 6°\062. 5° RTA DRB.jpeg"
afn-rta-0063;"AFN RTA\4. RTA 3° à 6°\063. 6° RTA DRB.jpeg"
afn-rta-0064;"AFN RTA\4. RTA 3° à 6°\064. 6°RTA Drago.jpeg"
afn-rta-0065;"AFN RTA\4. RTA 3° à 6°\065. 6° RTA DRB.jpeg"
afn-rta-0066;"AFN RTA\4. RTA 3° à 6°\185. 3° RTA Artisanale.jpeg"
afn-rta-0067;"AFN RTA\4. RTA 3° à 6°\188. 3° RTA Artisanale.jpeg"
afn-rta-0068;"AFN RTA\5. RTA 6° à 7°\066. 6° RTA DP Argent.jpeg"
afn-rta-0069;"AFN RTA\5. RTA 6° à 7°\067. 6°RTA Locale EO.jpeg"
afn-rta-0070;"AFN RTA\5. RTA 6° à 7°\068. 6° RT DP.jpeg"
afn-rta-0071;"AFN RTA\5. RTA 6° à 7°\069. 6° RTA 1° BM_EO Argent.jpeg"
afn-rta-0072;"AFN RTA\5. RTA 6° à 7°\070. 6°RTA 1° BM_EO DOM.jpeg"
afn-rta-0073;"AFN RTA\5. RTA 6° à 7°\071. 6° RTA 1° BM_EOLocale EO.jpeg"
afn-rta-0074;"AFN RTA\5. RTA 6° à 7°\072. 6° RTA 4° BataillonABPD.jpeg"
afn-rta-0075;"AFN RTA\5. RTA 6° à 7°\073. 7° RTA (AB).jpeg"
afn-rta-0076;"AFN RTA\5. RTA 6° à 7°\074. 7° RTA (AB).jpeg"
afn-rta-0077;"AFN RTA\5. RTA 6° à 7°\075. 7° RTA DRB.jpeg"
afn-rta-0078;"AFN RTA\5. RTA 6° à 7°\076. 7° RTA DOM.jpeg"
afn-rta-0079;"AFN RTA\5. RTA 6° à 7°\077. 7° RTA Art. AFN.jpeg"
afn-rta-0080;"AFN RTA\5. RTA 6° à 7°\078. 7° RTA Art. AFN.jpeg"
afn-rta-0081;"AFN RTA\5. RTA 6° à 7°\079. 7° RTA Art. Levant.jpeg"
afn-rta-0082;"AFN RTA\5. RTA 6° à 7°\080. 7° RTA Art. Levant.jpeg"
afn-rta-0083;"AFN RTA\6. RTA 7° à BM 7°\081. 7° RTA Art. Levant - Argent.jpeg"
afn-rta-0084;"AFN RTA\6. RTA 7° à BM 7°\082. 7° RTA DOM.jpeg"
afn-rta-0085;"AFN RTA\6. RTA 7° à BM 7°\083. 7° RTA DOM - Argent.jpeg"
afn-rta-0086;"AFN RTA\6. RTA 7° à BM 7°\084. 7° RTA SNF.jpeg"
afn-rta-0087;"AFN RTA\6. RTA 7° à BM 7°\085. 7° RTA SNF.jpeg"
afn-rta-0088;"AFN RTA\6. RTA 7° à BM 7°\086. 7° RTA A. Mardini.jpeg"
afn-rta-0089;"AFN RTA\6. RTA 7° à BM 7°\088. 7° RTA G.E. Mardini.jpeg"
afn-rta-0090;"AFN RTA\6. RTA 7° à BM 7°\089. 7° RTA G.E. Mardini - H. 303.jpeg"
afn-rta-0091;"AFN RTA\6. RTA 7° à BM 7°\090. 7° RTA Locale EO.jpeg"
afn-rta-0092;"AFN RTA\6. RTA 7° à BM 7°\091. 7° RTA Locale EO.jpeg"
afn-rta-0093;"AFN RTA\6. RTA 7° à BM 7°\092. 7° RTA OFSI.jpeg"
afn-rta-0094;"AFN RTA\6. RTA 7° à BM 7°\093. 7° RTA SNF.jpeg"
afn-rta-0095;"AFN RTA\6. RTA 7° à BM 7°\095. 7° RTA 4° BM_EO SNF.jpeg"
afn-rta-0096;"AFN RTA\6. RTA 7° à BM 7°\096. 7° RTA 4° BM_EO.Mardini.jpeg"
afn-rta-0097;"AFN RTA\6. RTA 7° à BM 7°\097. 7° RTA 4° BM_EO Locale.jpeg"
afn-rta-0098;"AFN RTA\6. RTA 7° à BM 7°\098. 7° RTA 4° BM_EO Locale.jpeg"
afn-rta-0099;"AFN RTA\7. RTA BM 7° à 11°\094. 7° RTA Locale EO.jpeg"
afn-rta-0100;"AFN RTA\7. RTA BM 7° à 11°\099. 7° RTA 5° BM DOM Argent.jpeg"
afn-rta-0101;"AFN RTA\7. RTA BM 7° à 11°\100. 7° RTA 5° BMDOM.jpeg"
afn-rta-0102;"AFN RTA\7. RTA BM 7° à 11°\101. 7° RTA 5° BMLocale EO.jpeg"
afn-rta-0103;"AFN RTA\7. RTA BM 7° à 11°\102. 9° RTA Artisanale AFN.jpeg"
afn-rta-0104;"AFN RTA\7. RTA BM 7° à 11°\103. 9° RTA Mourgeon.jpeg"
afn-rta-0105;"AFN RTA\7. RTA BM 7° à 11°\104. 9° RTA DRB.jpeg"
afn-rta-0106;"AFN RTA\7. RTA BM 7° à 11°\105. 9° RTA ABPD.jpeg"
afn-rta-0107;"AFN RTA\7. RTA BM 7° à 11°\106. 9° RTA DP - Argent.jpeg"
afn-rta-0108;"AFN RTA\7. RTA BM 7° à 11°\107. 9° RTA DRR.jpeg"
afn-rta-0109;"AFN RTA\7. RTA BM 7° à 11°\108. 11° RTA ABPD.jpeg"
afn-rta-0110;"AFN RTA\7. RTA BM 7° à 11°\109. 11° RTA DRB.jpeg"
afn-rta-0111;"AFN RTA\7. RTA BM 7° à 11°\110. 11° RTA OFSI.jpeg"
afn-rta-0112;"AFN RTA\7. RTA BM 7° à 11°\111. 11° RTA SNF.jpeg"
afn-rta-0113;"AFN RTA\7. RTA BM 7° à 11°\112. 11° BT OFSI.jpeg"
afn-rta-0114;"AFN RTA\7. RTA BM 7° à 11°\182. 9° RTA DRB - Epingle horizontale.jpeg"
afn-rta-0115;"AFN RTA\7. RTA BM 7° à 11°\187. 9° RTA Artisanale AFN.jpeg"
afn-rta-0116;"AFN RTA\8. RTA 13° à 15°\113. 13° RTA ABPD.jpeg"
afn-rta-0117;"AFN RTA\8. RTA 13° à 15°\114. 13° RTA SNF.jpeg"
afn-rta-0118;"AFN RTA\8. RTA 13° à 15°\115. 13° RTA DP Argent.jpeg"
afn-rta-0119;"AFN RTA\8. RTA 13° à 15°\116. 13° RTA DP.jpeg"
afn-rta-0120;"AFN RTA\8. RTA 13° à 15°\117. 13° RTA DRR.jpeg"
afn-rta-0121;"AFN RTA\8. RTA 13° à 15°\118. 13° RTA SNF.jpeg"
afn-rta-0122;"AFN RTA\8. RTA 13° à 15°\119. 13° RTA Mardini.jpeg"
afn-rta-0123;"AFN RTA\8. RTA 13° à 15°\120. 13° RTA SNF estampé.jpeg"
afn-rta-0124;"AFN RTA\8. RTA 13° à 15°\121. 14° RTA ABPD.jpeg"
afn-rta-0125;"AFN RTA\8. RTA 13° à 15°\122. 14° BTA ABP.jpeg"
afn-rta-0126;"AFN RTA\8. RTA 13° à 15°\123. 14° BTA DP émaillé.jpeg"
afn-rta-0127;"AFN RTA\8. RTA 13° à 15°\124. 14° RTA DP peint.jpeg"
afn-rta-0128;"AFN RTA\8. RTA 13° à 15°\125. 14° RTA 3° Bon Mourgeon.jpeg"
afn-rta-0129;"AFN RTA\8. RTA 13° à 15°\126. 14° RTA CDAC ABPD.jpeg"
afn-rta-0130;"AFN RTA\8. RTA 13° à 15°\127. 15° RTA SNF 44 mm.jpeg"
afn-rta-0131;"AFN RTA\8. RTA 13° à 15°\128. 15° RTA SNF 35 mm.jpeg"
afn-rta-0132;"AFN RTA\8. RTA 13° à 15°\129. 15° BTA DP.jpeg"
afn-rta-0133;"AFN RTA\8. RTA 13° à 15°\130. 15° BTA DP Argent - N° 50.jpeg"
afn-rta-0134;"AFN RTA\9. RTA 17° à 22°\131. 17° BTA DP.jpeg"
afn-rta-0135;"AFN RTA\9. RTA 17° à 22°\132. 17° BTA OFSI.jpeg"
afn-rta-0136;"AFN RTA\9. RTA 17° à 22°\133. 21° RTA ABPD.jpeg"
afn-rta-0137;"AFN RTA\9. RTA 17° à 22°\134. 21° RTA DP.jpeg"
afn-rta-0138;"AFN RTA\9. RTA 17° à 22°\135. 21° RTA DP.jpeg"
afn-rta-0139;"AFN RTA\9. RTA 17° à 22°\136. 21° RTA DP Argent.jpeg"
afn-rta-0140;"AFN RTA\9. RTA 17° à 22°\137. 21° RTA DP Doré - Cou plein.jpeg"
afn-rta-0141;"AFN RTA\9. RTA 17° à 22°\138. 21° RTA Doré - Cou évidé.jpeg"
afn-rta-0142;"AFN RTA\9. RTA 17° à 22°\139. 21° RTA SNF - Cou évidé.jpeg"
afn-rta-0143;"AFN RTA\9. RTA 17° à 22°\140. 21° RTA SNF - Cou plein.jpeg"
afn-rta-0144;"AFN RTA\9. RTA 17° à 22°\141. 21° RTA Locale EO.jpeg"
afn-rta-0145;"AFN RTA\9. RTA 17° à 22°\142. 22° RTA ABPD.jpeg"
afn-rta-0146;"AFN RTA\9. RTA 17° à 22°\143. 22° RTA DP.jpeg"
afn-rta-0147;"AFN RTA\9. RTA 17° à 22°\144. 22° RTA Arémail.jpeg"
afn-rta-0148;"AFN RTA\9. RTA 17° à 22°\145. 22° RTA DOM Argent.jpeg"
afn-rta-0149;"AFN RTA\9. RTA 17° à 22°\186. 17° BTA DP Argent.jpeg"
afn-rta-0150;"AFN RTA\10. RTA BM 22° à  27°\145. 22° RTA BM_EO Argent.jpeg"
afn-rta-0151;"AFN RTA\10. RTA BM 22° à  27°\146. 22° RTA BM_EO DOM.jpeg"
afn-rta-0152;"AFN RTA\10. RTA BM 22° à  27°\147. 22° RTA BM_EO Locale.jpeg"
afn-rta-0153;"AFN RTA\10. RTA BM 22° à  27°\148. 22° RTA BM_EO Argent.jpeg"
afn-rta-0154;"AFN RTA\10. RTA BM 22° à  27°\149. 22° RTA BM_EO AB.jpeg"
afn-rta-0155;"AFN RTA\10. RTA BM 22° à  27°\150. 22° RTA BM_EO Locale.jpeg"
afn-rta-0156;"AFN RTA\10. RTA BM 22° à  27°\152. 23° RTA ABPD.jpeg"
afn-rta-0157;"AFN RTA\10. RTA BM 22° à  27°\153. 23° RTA DP.jpeg"
afn-rta-0158;"AFN RTA\10. RTA BM 22° à  27°\154. 23° RTA Courtois.jpeg"
afn-rta-0159;"AFN RTA\10. RTA BM 22° à  27°\155. 25° RTA AB.jpeg"
afn-rta-0160;"AFN RTA\10. RTA BM 22° à  27°\156. 25° RTA DP Argent.jpeg"
afn-rta-0161;"AFN RTA\10. RTA BM 22° à  27°\157. 25° RTA DP.jpeg"
afn-rta-0162;"AFN RTA\10. RTA BM 22° à  27°\158. 25° RTA Artisanale EO.jpeg"
afn-rta-0163;"AFN RTA\10. RTA BM 22° à  27°\159. 25° RTA Artisanale EO.jpeg"
afn-rta-0164;"AFN RTA\10. RTA BM 22° à  27°\160. 25° RTA Ivoire EO.jpeg"
afn-rta-0165;"AFN RTA\10. RTA BM 22° à  27°\181. 22° RTA CDAC 2° DINA.jpeg"
afn-rta-0166;"AFN RTA\11. RTA 27° à 33°\161. 27° RTA ABPD.jpeg"
afn-rta-0167;"AFN RTA\11. RTA 27° à 33°\162. 27° RTA ABPD.jpeg"
afn-rta-0168;"AFN RTA\11. RTA 27° à 33°\163. 27° RTA ABPD.jpeg"
afn-rta-0169;"AFN RTA\11. RTA 27° à 33°\164. 27° RTA ABPD.jpeg"
afn-rta-0170;"AFN RTA\11. RTA 27° à 33°\165. 27° RTA DRR.jpeg"
afn-rta-0171;"AFN RTA\11. RTA 27° à 33°\166. 27° RTA Art. EO.jpeg"
afn-rta-0172;"AFN RTA\11. RTA 27° à 33°\167. 27° RTA Art. EO.jpeg"
afn-rta-0173;"AFN RTA\11. RTA 27° à 33°\168. 27° RTA Art. EO.jpeg"
afn-rta-0174;"AFN RTA\11. RTA 27° à 33°\169. 27° RTA 2° Bon (_).jpeg"
afn-rta-0175;"AFN RTA\11. RTA 27° à 33°\170. 27° RTA SES SNF.jpeg"
afn-rta-0176;"AFN RTA\11. RTA 27° à 33°\171. 29° RTA (AB).jpeg"
afn-rta-0177;"AFN RTA\11. RTA 27° à 33°\172. 29° RTA DRB - Etoile évidée.jpeg"
afn-rta-0178;"AFN RTA\11. RTA 27° à 33°\173. 29° RTA DP - Fond plein.jpeg"
afn-rta-0179;"AFN RTA\11. RTA 27° à 33°\174. 29° RTA DP - embouti.jpeg"
afn-rta-0180;"AFN RTA\11. RTA 27° à 33°\175. 33° RTA SNF - Non confirmé.jpeg"
afn-rta-0181;"AFN RTA\11. RTA 27° à 33°\176. 33° RTA DPN.jpeg"
afn-rta-0182;"AFN RTA\12. RTA 35° à CEF Compléments\145. 35° RT_CI DP.jpeg"
afn-rta-0183;"AFN RTA\12. RTA 35° à CEF Compléments\146. 205° BMTA DRB.jpeg"
afn-rta-0184;"AFN RTA\12. RTA 35° à CEF Compléments\147. 217° BTA SNF.jpeg"
afn-rta-0185;"AFN RTA\12. RTA 35° à CEF Compléments\148. RTA CEF SNF.jpeg"
afn-rta-0186;"AFN RTA\12. RTA 35° à CEF Compléments\189. 1° RTA Drago doré plein.jpeg"
afn-rta-0187;"AFN RTA\12. RTA 35° à CEF Compléments\190. 3° RTA Artisanale.jpeg"
afn-rta-0188;"AFN RTA\12. RTA 35° à CEF Compléments\191. BM 1°RTA DRB.jpeg"
afn-rta-0189;"AFN RTA\12. RTA 35° à CEF Compléments\192. 3° RTA Artisanale.jpeg"
afn-rta-0190;"AFN RTA\12. RTA 35° à CEF Compléments\193. 23° RTA DP Argent.jpeg"
afn-rtm-0001;"AFN RTM\1. RTM 1°\001. 1° RTM (et 13° RTA) SNF.jpeg"
afn-rtm-0002;"AFN RTM\1. RTM 1°\002. 1° RTM (et 13° RTA) SNF.jpeg"
afn-rtm-0003;"AFN RTM\1. RTM 1°\003. 1_8° RTM Drago.jpeg"
afn-rtm-0004;"AFN RTM\1. RTM 1°\004. 3° RTM Augis.jpeg"
afn-rtm-0005;"AFN RTM\1. RTM 1°\005. 1° RTM Artisanale.jpeg"
afn-rtm-0006;"AFN RTM\1. RTM 1°\006. 1° RTM DRB.jpeg"
afn-rtm-0007;"AFN RTM\1. RTM 1°\007. 1° RTM (Courtois).jpeg"
afn-rtm-0008;"AFN RTM\1. RTM 1°\008. 1° RTM Augis.jpeg"
afn-rtm-0009;"AFN RTM\1. RTM 1°\009. 1° RTM Locale.jpeg"
afn-rtm-0010;"AFN RTM\1. RTM 1°\010. 1° RTM Artisanale.jpeg"
afn-rtm-0011;"AFN RTM\1. RTM 1°\011. 1° RTM DOM.jpeg"
afn-rtm-0012;"AFN RTM\1. RTM 1°\012. 1° RTM DOM Argent.jpeg"
afn-rtm-0013;"AFN RTM\1. RTM 1°\013. 1° RTM AB Argent.jpeg"
afn-rtm-0014;"AFN RTM\1. RTM 1°\014. 1° RTM AB.jpeg"
afn-rtm-0015;"AFN RTM\1. RTM 1°\015. 1° RTM DRB.jpeg"
afn-rtm-0016;"AFN RTM\1. RTM 1°\016. 1° RTM DRB.jpeg"
afn-rtm-0017;"AFN RTM\1. RTM 1°\017. 1° RTM DRB.jpeg"
afn-rtm-0018;"AFN RTM\1. RTM 1°\018. 1° RTM DRB.jpeg"
afn-rtm-0019;"AFN RTM\1. RTM 1°\135. 1° RTM DP Argent.jpeg"
afn-rtm-0020;"AFN RTM\2. RTM 1° à  2°\019. 1° RTM DRR.jpeg"
afn-rtm-0021;"AFN RTM\2. RTM 1° à  2°\020. 1° RTM DRR Argent.jpeg"
afn-rtm-0022;"AFN RTM\2. RTM 1° à  2°\021. 1° RTM Locale.jpeg"
afn-rtm-0023;"AFN RTM\2. RTM 1° à  2°\022. 1° RTM 4° Bon SNF.jpeg"
afn-rtm-0024;"AFN RTM\2. RTM 1° à  2°\023. 1° RTM 4° Bon SNF.jpeg"
afn-rtm-0025;"AFN RTM\2. RTM 1° à  2°\024. 1° RTM 4° Bon SNF.jpeg"
afn-rtm-0026;"AFN RTM\2. RTM 1° à  2°\025. 2° RTM ABPD.jpeg"
afn-rtm-0027;"AFN RTM\2. RTM 1° à  2°\026. 2° RTM ABPD.jpeg"
afn-rtm-0028;"AFN RTM\2. RTM 1° à  2°\027. 2° RTM ABPD.jpeg"
afn-rtm-0029;"AFN RTM\2. RTM 1° à  2°\028. 2° RTM Drago Dép.jpeg"
afn-rtm-0030;"AFN RTM\2. RTM 1° à  2°\029. 2° RTM DPN.jpeg"
afn-rtm-0031;"AFN RTM\2. RTM 1° à  2°\030. 2° RTM DOM Argent.jpeg"
afn-rtm-0032;"AFN RTM\2. RTM 1° à  2°\031. 2° RTM DOM Argent.jpeg"
afn-rtm-0033;"AFN RTM\2. RTM 1° à  2°\032. 2° RTM DOM.jpeg"
afn-rtm-0034;"AFN RTM\2. RTM 1° à  2°\033. 2° RTM DOM.jpeg"
afn-rtm-0035;"AFN RTM\2. RTM 1° à  2°\034. 2° RTM Locale.jpeg"
afn-rtm-0036;"AFN RTM\2. RTM 1° à  2°\035. 2° RTM OFSI.jpeg"
afn-rtm-0037;"AFN RTM\2. RTM 1° à  2°\036. 2° RTM Courtois.jpeg"
afn-rtm-0038;"AFN RTM\3. RTM 3° à 4°\037. 3° RTM AB.jpeg"
afn-rtm-0039;"AFN RTM\3. RTM 3° à 4°\038. 3°RTM Artisanale AFN.jpeg"
afn-rtm-0040;"AFN RTM\3. RTM 3° à 4°\039. 3° RTM DOM Argent.jpeg"
afn-rtm-0041;"AFN RTM\3. RTM 3° à 4°\040. 3° RTM DOM.jpeg"
afn-rtm-0042;"AFN RTM\3. RTM 3° à 4°\041. 3° RTM DP.jpeg"
afn-rtm-0043;"AFN RTM\3. RTM 3° à 4°\042. 3° RTM Locale EO.jpeg"
afn-rtm-0044;"AFN RTM\3. RTM 3° à 4°\043. 3° RTM 2° BT DOM Argent.jpeg"
afn-rtm-0045;"AFN RTM\3. RTM 3° à 4°\044. 3° RTM 2° BT DOM.jpeg"
afn-rtm-0046;"AFN RTM\3. RTM 3° à 4°\045. 3° RTM 2° BT SNF.jpeg"
afn-rtm-0047;"AFN RTM\3. RTM 3° à 4°\046. 326° CSM du 2_3° RTM Art.jpeg"
afn-rtm-0048;"AFN RTM\3. RTM 3° à 4°\047. 235° CSM Art.jpeg"
afn-rtm-0049;"AFN RTM\3. RTM 3° à 4°\048. 385° CSM Art. -.jpeg"
afn-rtm-0050;"AFN RTM\3. RTM 3° à 4°\049. 4° RTM SNF.jpeg"
afn-rtm-0051;"AFN RTM\3. RTM 3° à 4°\050. 4° RTM DOM Argent.jpeg"
afn-rtm-0052;"AFN RTM\3. RTM 3° à 4°\051. 4° RTM DOM.jpeg"
afn-rtm-0053;"AFN RTM\4. RTM 4° à 5°\052. 4° RTM SNF.jpeg"
afn-rtm-0054;"AFN RTM\4. RTM 4° à 5°\053. 4° RTM Artisanale EO.jpeg"
afn-rtm-0055;"AFN RTM\4. RTM 4° à 5°\054. 4° RTM Artisanale EO.jpeg"
afn-rtm-0056;"AFN RTM\4. RTM 4° à 5°\055. 4° RTM 1° BM Argent.jpeg"
afn-rtm-0057;"AFN RTM\4. RTM 4° à 5°\056. 4° RTM 1° BM DOM.jpeg"
afn-rtm-0058;"AFN RTM\4. RTM 4° à 5°\057. 4° RTM 2° BM Argent.jpeg"
afn-rtm-0059;"AFN RTM\4. RTM 4° à 5°\058. 4° RTM 2° BM DOM.jpeg"
afn-rtm-0060;"AFN RTM\4. RTM 4° à 5°\059. 5° RTM ABPD.jpeg"
afn-rtm-0061;"AFN RTM\4. RTM 4° à 5°\060. 5° RTM DP Argent.jpeg"
afn-rtm-0062;"AFN RTM\4. RTM 4° à 5°\061. 5° RTM DOM Argent.jpeg"
afn-rtm-0063;"AFN RTM\4. RTM 4° à 5°\062. 5° RTM DOM.jpeg"
afn-rtm-0064;"AFN RTM\4. RTM 4° à 5°\063. 5° RTM DP.jpeg"
afn-rtm-0065;"AFN RTM\4. RTM 4° à 5°\064. 5° RTM OFSI.jpeg"
afn-rtm-0066;"AFN RTM\4. RTM 4° à 5°\065. 5° RTM Locale EO.jpeg"
afn-rtm-0067;"AFN RTM\4. RTM 4° à 5°\066. 5° RTM Art. EO.jpeg"
afn-rtm-0068;"AFN RTM\5. RTM 5° à 6°\67 SES 3_5° RTM DRB.jpeg"
afn-rtm-0069;"AFN RTM\5. RTM 5° à 6°\068. SES 4_5° RTM ABPD.jpeg"
afn-rtm-0070;"AFN RTM\5. RTM 5° à 6°\069. 6° RTM AB.jpeg"
afn-rtm-0071;"AFN RTM\5. RTM 5° à 6°\070. 6°RTM Drago.jpeg"
afn-rtm-0072;"AFN RTM\5. RTM 5° à 6°\071. 6° RTM Art.jpeg"
afn-rtm-0073;"AFN RTM\5. RTM 5° à 6°\072. 6° RTM SNF.jpeg"
afn-rtm-0074;"AFN RTM\5. RTM 5° à 6°\073. 6° RTM DRB.jpeg"
afn-rtm-0075;"AFN RTM\5. RTM 5° à 6°\074. 6° RTM AB.jpeg"
afn-rtm-0076;"AFN RTM\5. RTM 5° à 6°\075. 6° RTM Courtois.jpeg"
afn-rtm-0077;"AFN RTM\5. RTM 5° à 6°\076. 6° RTM DRR Argent.jpeg"
afn-rtm-0078;"AFN RTM\5. RTM 5° à 6°\077. 6° RTM DOM Argent.jpeg"
afn-rtm-0079;"AFN RTM\5. RTM 5° à 6°\078. 6° RTM DP.jpeg"
afn-rtm-0080;"AFN RTM\5. RTM 5° à 6°\079. 6° RTM (E. Mardini).jpeg"
afn-rtm-0081;"AFN RTM\5. RTM 5° à 6°\080. 6° RTM SNF.jpeg"
afn-rtm-0082;"AFN RTM\5. RTM 5° à 6°\081. 6°RTM 3° Bon (AB).jpeg"
afn-rtm-0083;"AFN RTM\5. RTM 5° à 6°\082. 6° RTM 3° Bon ABPD.jpeg"
afn-rtm-0084;"AFN RTM\5. RTM 5° à 6°\083. SES 2_6° RTM ABPD.jpeg"
afn-rtm-0085;"AFN RTM\5. RTM 5° à 6°\084. SES 2_6° RTM ABPD.jpeg"
afn-rtm-0086;"AFN RTM\5. RTM 5° à 6°\085. SES 3_6° RTM ABPD.jpeg"
afn-rtm-0087;"AFN RTM\6. RTM 6° à 8°\086. 6° BTM DOM Argent.jpeg"
afn-rtm-0088;"AFN RTM\6. RTM 6° à 8°\088. 6° BTM Locale.jpeg"
afn-rtm-0089;"AFN RTM\6. RTM 6° à 8°\089. 6° RTM 2° BM EO Artisanale.jpeg"
afn-rtm-0090;"AFN RTM\6. RTM 6° à 8°\090. 6° RTM 2° BM EO DRB Argent.jpeg"
afn-rtm-0091;"AFN RTM\6. RTM 6° à 8°\091. 6° RTM 2° BM EO DRB.jpeg"
afn-rtm-0092;"AFN RTM\6. RTM 6° à 8°\092. 7° RTM Mourgeon.jpeg"
afn-rtm-0093;"AFN RTM\6. RTM 6° à 8°\093. 7° RTM DRR.jpeg"
afn-rtm-0094;"AFN RTM\6. RTM 6° à 8°\094. 7° RTM Ed. AV.jpeg"
afn-rtm-0095;"AFN RTM\6. RTM 6° à 8°\095. 7° RTM SNF.jpeg"
afn-rtm-0096;"AFN RTM\6. RTM 6° à 8°\096. 7° RTM Mardini.jpeg"
afn-rtm-0097;"AFN RTM\6. RTM 6° à 8°\097. 7° RTM 2° Bon ABPD.jpeg"
afn-rtm-0098;"AFN RTM\6. RTM 6° à 8°\098. 7° RTM 2° Bon Art.jpeg"
afn-rtm-0099;"AFN RTM\6. RTM 6° à 8°\099. 8° RTM ABPD.jpeg"
afn-rtm-0100;"AFN RTM\6. RTM 6° à 8°\100. 8° RTM (AB).jpeg"
afn-rtm-0101;"AFN RTM\6. RTM 6° à 8°\101. 8° RTM DRB Argent.jpeg"
afn-rtm-0102;"AFN RTM\6. RTM 6° à 8°\102. 8° RTM DRB.jpeg"
afn-rtm-0103;"AFN RTM\6. RTM 6° à 8°\137. 302° CTM SNF.jpeg"
afn-rtm-0104;"AFN RTM\7. RTM 8° à 10°\103. 8° RTM DRB.jpeg"
afn-rtm-0105;"AFN RTM\7. RTM 8° à 10°\104. 8° RTM SNF.jpeg"
afn-rtm-0106;"AFN RTM\7. RTM 8° à 10°\105. 8° RTM Courtois.jpeg"
afn-rtm-0107;"AFN RTM\7. RTM 8° à 10°\106. 8° RTM Art.jpeg"
afn-rtm-0108;"AFN RTM\7. RTM 8° à 10°\107. 8° RTM Art.jpeg"
afn-rtm-0109;"AFN RTM\7. RTM 8° à 10°\108. 8° RTM DP.jpeg"
afn-rtm-0110;"AFN RTM\7. RTM 8° à 10°\109. 8° RTM SNF(fond plein).jpeg"
afn-rtm-0111;"AFN RTM\7. RTM 8° à 10°\110. 8° RTM BM EO Argent.jpeg"
afn-rtm-0112;"AFN RTM\7. RTM 8° à 10°\111. 8° RTM BM EO DOM.jpeg"
afn-rtm-0113;"AFN RTM\7. RTM 8° à 10°\112. 9° RTM DRB.jpeg"
afn-rtm-0114;"AFN RTM\7. RTM 8° à 10°\113. 9° RTM DP Argent.jpeg"
afn-rtm-0115;"AFN RTM\7. RTM 8° à 10°\114. 9° RTM DP.jpeg"
afn-rtm-0116;"AFN RTM\7. RTM 8° à 10°\115. 9° RTM DP.jpeg"
afn-rtm-0117;"AFN RTM\7. RTM 8° à 10°\116. 9° RTM DP Argent.jpeg"
afn-rtm-0118;"AFN RTM\7. RTM 8° à 10°\117. 10° RTM SNF.jpeg"
afn-rtm-0119;"AFN RTM\7. RTM 8° à 10°\118. 10° BTM EO Art.jpeg"
afn-rtm-0120;"AFN RTM\7. RTM 8° à 10°\119. 10° BTM EO Art.jpeg"
afn-rtm-0121;"AFN RTM\8. RTM 206° à CDAC\120. 52° BMTM - DRB.jpeg"
afn-rtm-0122;"AFN RTM\8. RTM 206° à CDAC\121. 206° GAM - DP.jpeg"
afn-rtm-0123;"AFN RTM\8. RTM 206° à CDAC\122. 207° BTM - Chobillon.jpeg"
afn-rtm-0124;"AFN RTM\8. RTM 206° à CDAC\123. 214° BMTM - DRB.jpeg"
afn-rtm-0125;"AFN RTM\8. RTM 206° à CDAC\124. 216° BTM Chobillon.jpeg"
afn-rtm-0126;"AFN RTM\8. RTM 206° à CDAC\125. 301° CTM - DRB.jpeg"
afn-rtm-0127;"AFN RTM\8. RTM 206° à CDAC\126. 301° CTM Argent - DRB.jpeg"
afn-rtm-0128;"AFN RTM\8. RTM 206° à CDAC\127. 304° CTM - DRB.jpeg"
afn-rtm-0129;"AFN RTM\8. RTM 206° à CDAC\128. 309° CGPGA - SNF.jpeg"
afn-rtm-0130;"AFN RTM\8. RTM 206° à CDAC\129. 395° CGPGA - DRB.jpeg"
afn-rtm-0131;"AFN RTM\8. RTM 206° à CDAC\130. CID - DRB.jpeg"
afn-rtm-0132;"AFN RTM\8. RTM 206° à CDAC\131. RTM CEF - SNF.jpeg"
afn-rtm-0133;"AFN RTM\8. RTM 206° à CDAC\132. CDAC 2° DINA - ABPD.jpeg"
afn-rtm-0134;"AFN RTM\8. RTM 206° à CDAC\133. CIM Oukaïmeden - DOM.jpeg"
afn-rtm-0135;"AFN RTM\8. RTM 206° à CDAC\134. CIM Oukaïmeden - DP.jpeg"
afn-rtm-0136;"AFN RTM\8. RTM 206° à CDAC\136. PAC 1° DINAAugis.jpeg"
afn-rtt-0001;"AFN RTT\1. RTT 4° à 8°\001. 4° RTT Fond plein.jpeg"
afn-rtt-0002;"AFN RTT\1. RTT 4° à 8°\002. 4° RTT Découpé.jpeg"
afn-rtt-0003;"AFN RTT\1. RTT 4° à 8°\003. 4° RTT Argent.jpeg"
afn-rtt-0004;"AFN RTT\1. RTT 4° à 8°\004. 4° RTT Locale AFN.jpeg"
afn-rtt-0005;"AFN RTT\1. RTT 4° à 8°\005. 4° RTT Locale AFN.jpeg"
afn-rtt-0006;"AFN RTT\1. RTT 4° à 8°\006. 4° RTT DPN. Argent.jpeg"
afn-rtt-0007;"AFN RTT\1. RTT 4° à 8°\008. 4°RTT DRB.jpeg"
afn-rtt-0008;"AFN RTT\1. RTT 4° à 8°\009. 4° RTT DOM.jpeg"
afn-rtt-0009;"AFN RTT\1. RTT 4° à 8°\010. 4° RTT SNF.jpeg"
afn-rtt-0010;"AFN RTT\1. RTT 4° à 8°\011. 4° RTT DP Argent.jpeg"
afn-rtt-0011;"AFN RTT\1. RTT 4° à 8°\012. 4° RTT DRB Peint.jpeg"
afn-rtt-0012;"AFN RTT\1. RTT 4° à 8°\013. 4° RTT Locale EO.jpeg"
afn-rtt-0013;"AFN RTT\1. RTT 4° à 8°\014. BM 4° RTT DRB.jpeg"
afn-rtt-0014;"AFN RTT\1. RTT 4° à 8°\015. BM 4° RTT Locale EO.jpeg"
afn-rtt-0015;"AFN RTT\1. RTT 4° à 8°\016. BM 4°RTT Argent DRB.jpeg"
afn-rtt-0016;"AFN RTT\3. RTT 28° à 32°\007. 4° RTT DPN Argent avec cuir.jpeg"
afn-rtt-0017;"AFN RTT\3. RTT 28° à 32°\030. 20° RTT DPN émaillé.jpeg"
afn-rtt-0018;"AFN RTT\3. RTT 28° à 32°\031. 20° RTT DPN peint.jpeg"
afn-rtt-0019;"AFN RTT\3. RTT 28° à 32°\032. 24° RTT DRB.jpeg"
afn-rtt-0020;"AFN RTT\3. RTT 28° à 32°\033. 28° RTT Augis.jpeg"
afn-rtt-0021;"AFN RTT\3. RTT 28° à 32°\034. 28° RTT Fontanel.jpeg"
afn-rtt-0022;"AFN RTT\3. RTT 28° à 32°\035. 28° RTT SNF - (plein).jpeg"
afn-rtt-0023;"AFN RTT\3. RTT 28° à 32°\036. 28° RTT SNF - (embouti).jpeg"
afn-rtt-0024;"AFN RTT\3. RTT 28° à 32°\036. Bracelet avec insigne du 28° RTT SNF.jpeg"
afn-rtt-0025;"AFN RTT\3. RTT 28° à 32°\037. 28° RTT Nouba SNF.jpeg"
afn-rtt-0026;"AFN RTT\3. RTT 28° à 32°\038. 32° RTT émaillé DPN.jpeg"
afn-rtt-0027;"AFN RTT\3. RTT 28° à 32°\039. 32° RTT peint SNF.jpeg"
afn-rtt-0028;"AFN RTT\3. RTT 28° à 32°\043. 28° RTT Nouba SNF.jpeg"
afn-rtt-0029;"AFN RTT\2. RTT 8° à 16°\017. 8°RTT DP.jpeg"
afn-rtt-0030;"AFN RTT\2. RTT 8° à 16°\018. 8° RTT DRB.jpeg"
afn-rtt-0031;"AFN RTT\2. RTT 8° à 16°\019. 8°RTT locale EO.jpeg"
afn-rtt-0032;"AFN RTT\2. RTT 8° à 16°\020. 8° RTT ABPD.jpeg"
afn-rtt-0033;"AFN RTT\2. RTT 8° à 16°\021. 8° RTT Artisanale.jpeg"
afn-rtt-0034;"AFN RTT\2. RTT 8° à 16°\022. 12° RTT locale Levant.jpeg"
afn-rtt-0035;"AFN RTT\2. RTT 8° à 16°\023. 12° RTT locale Levant.jpeg"
afn-rtt-0036;"AFN RTT\2. RTT 8° à 16°\024. 16° RTT SNF.jpeg"
afn-rtt-0037;"AFN RTT\2. RTT 8° à 16°\025. 16° RTT DRB.jpeg"
afn-rtt-0038;"AFN RTT\2. RTT 8° à 16°\026. 16° RTT DRB.jpeg"
afn-rtt-0039;"AFN RTT\2. RTT 8° à 16°\027. 4° Bon 16° RTT Artisanale.jpeg"
afn-rtt-0040;"AFN RTT\2. RTT 8° à 16°\028. 16° RT DP.jpeg"
afn-rtt-0041;"AFN RTT\2. RTT 8° à 16°\029. 16° RT DP Argent.jpeg"
afn-rtt-0042;"AFN RTT\2. RTT 8° à 16°\041. CAC 16° RTT Levant.jpeg"
afn-rtt-0043;"AFN RTT\2. RTT 8° à 16°\042. 16° RTT CHR SNF.jpeg"
afn-zou-0001;"AFN Zouaves\1. Zouaves 1° à 2°\001. 1° RZ SNF.jpeg"
afn-zou-0002;"AFN Zouaves\1. Zouaves 1° à 2°\002. 1° RZ SNF.jpeg"
afn-zou-0003;"AFN Zouaves\1. Zouaves 1° à 2°\003. 1° RZ SNF.jpeg"
afn-zou-0004;"AFN Zouaves\1. Zouaves 1° à 2°\004. 1° RZ SNF.jpeg"
afn-zou-0005;"AFN Zouaves\1. Zouaves 1° à 2°\005. 1° RZ SNF.jpeg"
afn-zou-0006;"AFN Zouaves\1. Zouaves 1° à 2°\006. 1° RZ Duseaux.jpeg"
afn-zou-0007;"AFN Zouaves\1. Zouaves 1° à 2°\007. 1° RZ DRB.jpeg"
afn-zou-0008;"AFN Zouaves\1. Zouaves 1° à 2°\008. 1° RZ DRB.jpeg"
afn-zou-0009;"AFN Zouaves\1. Zouaves 1° à 2°\009. 1° RZ SNF.jpeg"
afn-zou-0010;"AFN Zouaves\1. Zouaves 1° à 2°\010. 1°RZ AB.jpeg"
afn-zou-0011;"AFN Zouaves\1. Zouaves 1° à 2°\011. 1° RZ DP.jpeg"
afn-zou-0012;"AFN Zouaves\1. Zouaves 1° à 2°\012. 2° RZ SNF.jpeg"
afn-zou-0013;"AFN Zouaves\1. Zouaves 1° à 2°\013. 2° RZ SNF.jpeg"
afn-zou-0014;"AFN Zouaves\1. Zouaves 1° à 2°\014. 2° RZ SNF.jpeg"
afn-zou-0015;"AFN Zouaves\1. Zouaves 1° à 2°\015. 2° RZ Mourgeon.jpeg"
afn-zou-0016;"AFN Zouaves\1. Zouaves 1° à 2°\016. 2° RZ Mourgeon.jpeg"
afn-zou-0017;"AFN Zouaves\1. Zouaves 1° à 2°\017. 2° RZ SNF.jpeg"
afn-zou-0018;"AFN Zouaves\1. Zouaves 1° à 2°\018. 2° RZ SNF.jpeg"
afn-zou-0019;"AFN Zouaves\1. Zouaves 1° à 2°\019. 2° RZ SNF.jpeg"
afn-zou-0020;"AFN Zouaves\1. Zouaves 1° à 2°\066. 1° RZ SNF émaillé.jpeg"
afn-zou-0021;"AFN Zouaves\2. Zouaves 2° à 4°\020. 2° RZ SNF.jpeg"
afn-zou-0022;"AFN Zouaves\2. Zouaves 2° à 4°\021. 2° RZ SNF.jpeg"
afn-zou-0023;"AFN Zouaves\2. Zouaves 2° à 4°\022. 2° RZ DOM Argent.jpeg"
afn-zou-0024;"AFN Zouaves\2. Zouaves 2° à 4°\023. 2° RZ DP.jpeg"
afn-zou-0025;"AFN Zouaves\2. Zouaves 2° à 4°\024. 24° Cie 2° RZ SNF.jpeg"
afn-zou-0026;"AFN Zouaves\2. Zouaves 2° à 4°\025. 3° RZ Chobillon.jpeg"
afn-zou-0027;"AFN Zouaves\2. Zouaves 2° à 4°\026. 3° RZ DP.jpeg"
afn-zou-0028;"AFN Zouaves\2. Zouaves 2° à 4°\027. 3° Zouaves - Fourragère, modèle en or.jpeg"
afn-zou-0029;"AFN Zouaves\2. Zouaves 2° à 4°\028. CI du 3° Zouaves.jpeg"
afn-zou-0030;"AFN Zouaves\2. Zouaves 2° à 4°\029. BP 3° RZ SNF.jpeg"
afn-zou-0031;"AFN Zouaves\2. Zouaves 2° à 4°\030. BP 3° RZ SNF.jpeg"
afn-zou-0032;"AFN Zouaves\2. Zouaves 2° à 4°\031. BP 3° RZ Mourgeon.jpeg"
afn-zou-0033;"AFN Zouaves\2. Zouaves 2° à 4°\032. 4° RZ AB.jpeg"
afn-zou-0034;"AFN Zouaves\2. Zouaves 2° à 4°\033. 4° RZ SNF.jpeg"
afn-zou-0035;"AFN Zouaves\2. Zouaves 2° à 4°\034. 4° RZ DP.jpeg"
afn-zou-0036;"AFN Zouaves\2. Zouaves 2° à 4°\035. 4° RZ Welter.jpeg"
afn-zou-0037;"AFN Zouaves\2. Zouaves 2° à 4°\036. 4° RZ SNF.jpeg"
afn-zou-0038;"AFN Zouaves\2. Zouaves 2° à 4°\037. 4° RZ AB (gravé).jpeg"
afn-zou-0039;"AFN Zouaves\2. Zouaves 2° à 4°\038. 4° RZ Corps franc SNF.jpeg"
afn-zou-0040;"AFN Zouaves\3. Zouaves 4° à 12°\039. 4° RZ (AB).jpeg"
afn-zou-0041;"AFN Zouaves\3. Zouaves 4° à 12°\040. 4° RZ DP.jpeg"
afn-zou-0042;"AFN Zouaves\3. Zouaves 4° à 12°\041. 8° RZ SNF Déposé.jpeg"
afn-zou-0043;"AFN Zouaves\3. Zouaves 4° à 12°\042. 8° RZ DP.jpeg"
afn-zou-0044;"AFN Zouaves\3. Zouaves 4° à 12°\043. 8° RZ DP Argent.jpeg"
afn-zou-0045;"AFN Zouaves\3. Zouaves 4° à 12°\044. 8° RZ DP.jpeg"
afn-zou-0046;"AFN Zouaves\3. Zouaves 4° à 12°\045. 8° RZ DP (doré).jpeg"
afn-zou-0047;"AFN Zouaves\3. Zouaves 4° à 12°\046. 8° RZ Courtois.jpeg"
afn-zou-0048;"AFN Zouaves\3. Zouaves 4° à 12°\047. 8° RZ SNF.jpeg"
afn-zou-0049;"AFN Zouaves\3. Zouaves 4° à 12°\048. 8°RZ SNF.jpeg"
afn-zou-0050;"AFN Zouaves\3. Zouaves 4° à 12°\049. 9° RZ SNF.jpeg"
afn-zou-0051;"AFN Zouaves\3. Zouaves 4° à 12°\050. 9° RZ SNF.jpeg"
afn-zou-0052;"AFN Zouaves\3. Zouaves 4° à 12°\051. 9° RZ (Grazziani).jpeg"
afn-zou-0053;"AFN Zouaves\3. Zouaves 4° à 12°\052. 9° RZ ABPD.jpeg"
afn-zou-0054;"AFN Zouaves\3. Zouaves 4° à 12°\053. 9° RZ DP.jpeg"
afn-zou-0055;"AFN Zouaves\3. Zouaves 4° à 12°\054. 11° RZ ABPD.jpeg"
afn-zou-0056;"AFN Zouaves\3. Zouaves 4° à 12°\055. 11° RZ SNF (fond plein).jpeg"
afn-zou-0057;"AFN Zouaves\3. Zouaves 4° à 12°\056. 12° RZ F. (AB).jpeg"
afn-zou-0058;"AFN Zouaves\3. Zouaves 4° à 12°\064. 12° RZ (AB _).jpeg"
afn-zou-0059;"AFN Zouaves\3. Zouaves 4° à 12°\065. 11° RZ Augis.jpeg"
afn-zou-0060;"AFN Zouaves\4. Zouaves 13° à CEF\057. 13° RZ F. Demey (bombé).jpeg"
afn-zou-0061;"AFN Zouaves\4. Zouaves 13° à CEF\058. 13° RZ F. Demey (plat).jpeg"
afn-zou-0062;"AFN Zouaves\4. Zouaves 13° à CEF\059. 13° RZ F. Demey (fond blanc).jpeg"
afn-zou-0063;"AFN Zouaves\4. Zouaves 13° à CEF\060. 14° RZ Augis.jpeg"
afn-zou-0064;"AFN Zouaves\4. Zouaves 13° à CEF\061. 21° RZ SNF.jpeg"
afn-zou-0065;"AFN Zouaves\4. Zouaves 13° à CEF\062. 21° RZ SNF.jpeg"
afn-zou-0066;"AFN Zouaves\4. Zouaves 13° à CEF\063. Zouaves du CEF.jpeg"
afn-zou-0067;"AFN Zouaves\4. Zouaves 13° à CEF\067. 2° Zouaves Damas Argent.jpeg"
afn-zou-0068;"AFN Zouaves\4. Zouaves 13° à CEF\068. 23° Zouaves AB.jpeg"
baf-0001;"BAF\1. BAF 70° à 81°\001. 70° BAF ABPD.jpeg"
baf-0002;"BAF\1. BAF 70° à 81°\002. 70° BAF ABPD.jpeg"
baf-0003;"BAF\1. BAF 70° à 81°\003. 71° BAF ABPD.jpeg"
baf-0004;"BAF\1. BAF 70° à 81°\004. Secteur fortifié Maurienne.jpeg"
baf-0005;"BAF\1. BAF 70° à 81°\005. 72° BAF ABPD.jpeg"
baf-0006;"BAF\1. BAF 70° à 81°\006. 72° BAF SES AB.jpeg"
baf-0007;"BAF\1. BAF 70° à 81°\007. 73° BAF ABPD.jpeg"
baf-0008;"BAF\1. BAF 70° à 81°\008. 74° BAF ABPD (12 pétales).jpeg"
baf-0009;"BAF\1. BAF 70° à 81°\009. 74° BAF ABPD (10 pétales).jpeg"
baf-0010;"BAF\1. BAF 70° à 81°\010. 74° BAF SES - Poinçon AB complet.jpeg"
baf-0011;"BAF\1. BAF 70° à 81°\011. 75° BAF DRB.jpeg"
baf-0012;"BAF\1. BAF 70° à 81°\012. 75° BAF DRBBronze.jpeg"
baf-0013;"BAF\1. BAF 70° à 81°\013. 75° BAF SES DR.jpeg"
baf-0014;"BAF\1. BAF 70° à 81°\014. 76° BAF Pin.jpeg"
baf-0015;"BAF\1. BAF 70° à 81°\015. 75° BAF DRB.jpeg"
baf-0016;"BAF\2. BAF 82° à 96°\23 85° BAF SNF.jpeg"
baf-0017;"BAF\2. BAF 82° à 96°\016. 76° BAF ABPD.jpeg"
baf-0018;"BAF\2. BAF 82° à 96°\017. 76° BAF DRB (devise).jpeg"
baf-0019;"BAF\2. BAF 82° à 96°\018. 80° BAF ABPD.jpeg"
baf-0020;"BAF\2. BAF 82° à 96°\019. 81° BAF ABPD.jpeg"
baf-0021;"BAF\2. BAF 82° à 96°\020. 82° BAF (AB).jpeg"
baf-0022;"BAF\2. BAF 82° à 96°\021. 83° BAF (AB).jpeg"
baf-0023;"BAF\2. BAF 82° à 96°\022. 84° BAF (SNF).jpeg"
baf-0024;"BAF\2. BAF 82° à 96°\024. 86° BAF DRB.jpeg"
baf-0025;"BAF\2. BAF 82° à 96°\025. 91° BAF Augis.jpeg"
baf-0026;"BAF\2. BAF 82° à 96°\026. 94° BAF SNF.jpeg"
baf-0027;"BAF\2. BAF 82° à 96°\027. 95° BAF DRB.jpeg"
baf-0028;"BAF\2. BAF 82° à 96°\028. 96° BAF Augis.jpeg"
baf-0029;"BAF\2. BAF 82° à 96°\029. 96° BAF (doré) DRB.jpeg"
baf-0030;"BAF\2. BAF 82° à 96°\030. 96° BAF (argenté) DRB.jpeg"
baf-0031;"BAF\3. BAF 179° à 58° DBAF\031. 179° BAF (orangé) Augis.jpeg"
baf-0032;"BAF\3. BAF 179° à 58° DBAF\032. 179° BAF (fjaune pâle) Augis.jpeg"
baf-0033;"BAF\3. BAF 179° à 58° DBAF\033. 179° BAF (blanc) Augis.jpeg"
baf-0034;"BAF\3. BAF 179° à 58° DBAF\034. 189° BAF Augis.jpeg"
baf-0035;"BAF\3. BAF 179° à 58° DBAF\035. 189° BAF SNF.jpeg"
baf-0036;"BAF\3. BAF 179° à 58° DBAF\036. 1° CIF DRB.jpeg"
baf-0037;"BAF\3. BAF 179° à 58° DBAF\037. 58° DBAF DRB.jpeg"
baf-0038;"BAF\3. BAF 179° à 58° DBAF\038. 83° BAF SES Sainson.jpeg"
ceo-0001;"Commandos d'Extrême-Orient\1. Commandos EO (Cdo 1 à 12)\001. Cdo 1 DOM.png"
ceo-0002;"Commandos d'Extrême-Orient\1. Commandos EO (Cdo 1 à 12)\002. Cdo 2 DRR.png"
ceo-0003;"Commandos d'Extrême-Orient\1. Commandos EO (Cdo 1 à 12)\003. Cdo 2 DOM.png"
ceo-0004;"Commandos d'Extrême-Orient\1. Commandos EO (Cdo 1 à 12)\004. Cdo 3 Artisnale.jpeg"
ceo-0005;"Commandos d'Extrême-Orient\1. Commandos EO (Cdo 1 à 12)\005. Cdo 3 AB.jpeg"
ceo-0006;"Commandos d'Extrême-Orient\1. Commandos EO (Cdo 1 à 12)\006. Cdo C.3 DOM.jpeg"
ceo-0007;"Commandos d'Extrême-Orient\1. Commandos EO (Cdo 1 à 12)\007. Cdo 4 Artisanale.jpeg"
ceo-0008;"Commandos d'Extrême-Orient\1. Commandos EO (Cdo 1 à 12)\008. Cdo 5 DOM Argent.jpeg"
ceo-0009;"Commandos d'Extrême-Orient\1. Commandos EO (Cdo 1 à 12)\009. Cdo 5 DOM.png"
ceo-0010;"Commandos d'Extrême-Orient\1. Commandos EO (Cdo 1 à 12)\010. Cdo 6 Artisanale.png"
ceo-0011;"Commandos d'Extrême-Orient\1. Commandos EO (Cdo 1 à 12)\011. Cdo 7 SNF Argent.png"
ceo-0012;"Commandos d'Extrême-Orient\1. Commandos EO (Cdo 1 à 12)\012. Cdo 9 DP.jpeg"
ceo-0013;"Commandos d'Extrême-Orient\1. Commandos EO (Cdo 1 à 12)\013. Cdo 9 Artisanale.png"
ceo-0014;"Commandos d'Extrême-Orient\1. Commandos EO (Cdo 1 à 12)\014. Cdo 9 Artisanale.png"
ceo-0015;"Commandos d'Extrême-Orient\1. Commandos EO (Cdo 1 à 12)\015. Cdo 12 DOM.png"
ceo-0016;"Commandos d'Extrême-Orient\2. Commandos EO (Cdo 12 à 17)\21 Cdo 14 A. et I.jpeg"
ceo-0017;"Commandos d'Extrême-Orient\2. Commandos EO (Cdo 12 à 17)\016. Cdo 12 Artisanale.png"
ceo-0018;"Commandos d'Extrême-Orient\2. Commandos EO (Cdo 12 à 17)\017. Cdo C. 12 DOM.png"
ceo-0019;"Commandos d'Extrême-Orient\2. Commandos EO (Cdo 12 à 17)\018. Cdo 13 Artisanale.png"
ceo-0020;"Commandos d'Extrême-Orient\2. Commandos EO (Cdo 12 à 17)\019. Cdo 14 DOM.png"
ceo-0021;"Commandos d'Extrême-Orient\2. Commandos EO (Cdo 12 à 17)\020. Cdo 14 Locale.png"
ceo-0022;"Commandos d'Extrême-Orient\2. Commandos EO (Cdo 12 à 17)\022. Cdo 15 DRR.png"
ceo-0023;"Commandos d'Extrême-Orient\2. Commandos EO (Cdo 12 à 17)\023. Cdo 15 Artisanale.png"
ceo-0024;"Commandos d'Extrême-Orient\2. Commandos EO (Cdo 12 à 17)\024. Cdo 15 Artisanale.png"
ceo-0025;"Commandos d'Extrême-Orient\2. Commandos EO (Cdo 12 à 17)\025. Cdo 16 DOM.png"
ceo-0026;"Commandos d'Extrême-Orient\2. Commandos EO (Cdo 12 à 17)\027. Cdo 17 DP.png"
ceo-0027;"Commandos d'Extrême-Orient\2. Commandos EO (Cdo 12 à 17)\028. Cdo 17 DOM Argent.png"
ceo-0028;"Commandos d'Extrême-Orient\3. Commandos EO (Cdo 17 à 23)\026. Cdo 17 DOM.png"
ceo-0029;"Commandos d'Extrême-Orient\3. Commandos EO (Cdo 17 à 23)\029. 18° CCS DOM.png"
ceo-0030;"Commandos d'Extrême-Orient\3. Commandos EO (Cdo 17 à 23)\030. Cdo 19 DOM.png"
ceo-0031;"Commandos d'Extrême-Orient\3. Commandos EO (Cdo 17 à 23)\031. Cdo 19 DRR.png"
ceo-0032;"Commandos d'Extrême-Orient\3. Commandos EO (Cdo 17 à 23)\032. Cdo 20 N° 6 DRR.png"
ceo-0033;"Commandos d'Extrême-Orient\3. Commandos EO (Cdo 17 à 23)\033. Cdo 21 Artisanale.png"
ceo-0034;"Commandos d'Extrême-Orient\3. Commandos EO (Cdo 17 à 23)\034. Cdo 22 N° 3 DRR.png"
ceo-0035;"Commandos d'Extrême-Orient\3. Commandos EO (Cdo 17 à 23)\035. Cdo 22 AB.png"
ceo-0036;"Commandos d'Extrême-Orient\3. Commandos EO (Cdo 17 à 23)\036. Cdo P. 22 DOM.png"
ceo-0037;"Commandos d'Extrême-Orient\3. Commandos EO (Cdo 17 à 23)\037. Cdo 22 Artisanale.png"
ceo-0038;"Commandos d'Extrême-Orient\3. Commandos EO (Cdo 17 à 23)\038. Cdo 23 Rusconi Artisanale.png"
ceo-0039;"Commandos d'Extrême-Orient\4. Commandos EO (Cdo 24 à 34)\039. Cdo 24 Artisanale.png"
ceo-0040;"Commandos d'Extrême-Orient\4. Commandos EO (Cdo 24 à 34)\040. Cdo 24 Vandenberghe Artisanale.png"
ceo-0041;"Commandos d'Extrême-Orient\4. Commandos EO (Cdo 24 à 34)\041. Cdo 25 DOM.png"
ceo-0042;"Commandos d'Extrême-Orient\4. Commandos EO (Cdo 24 à 34)\042. Cdo 26 Artisanale EO.png"
ceo-0043;"Commandos d'Extrême-Orient\4. Commandos EO (Cdo 24 à 34)\043. Cdo 27 Artisanale.png"
ceo-0044;"Commandos d'Extrême-Orient\4. Commandos EO (Cdo 24 à 34)\044. Cdo 28 DOM.png"
ceo-0045;"Commandos d'Extrême-Orient\4. Commandos EO (Cdo 24 à 34)\045. Cdo 29 Artisanale.png"
ceo-0046;"Commandos d'Extrême-Orient\4. Commandos EO (Cdo 24 à 34)\046. Cdo 29 DOM.png"
ceo-0047;"Commandos d'Extrême-Orient\4. Commandos EO (Cdo 24 à 34)\047. Cdo 30 Robert DOM (sans N°).png"
ceo-0048;"Commandos d'Extrême-Orient\4. Commandos EO (Cdo 24 à 34)\048. Cdo 30 Robert Artisanale.png"
ceo-0049;"Commandos d'Extrême-Orient\4. Commandos EO (Cdo 24 à 34)\049. Cdo 30 Robert (avec N°).png"
ceo-0050;"Commandos d'Extrême-Orient\4. Commandos EO (Cdo 24 à 34)\050. Cdo 34 DOM.png"
ceo-0051;"Commandos d'Extrême-Orient\4. Commandos EO (Cdo 24 à 34)\051. Cdo 34 Locale.png"
ceo-0052;"Commandos d'Extrême-Orient\5. Commandos EO (Cdo 35 à 334)\052. Cdo 35 DRR.png"
ceo-0053;"Commandos d'Extrême-Orient\5. Commandos EO (Cdo 35 à 334)\053. Cdo 35 Artisanale.png"
ceo-0054;"Commandos d'Extrême-Orient\5. Commandos EO (Cdo 35 à 334)\054. Cdo 36 DOM.png"
ceo-0055;"Commandos d'Extrême-Orient\5. Commandos EO (Cdo 35 à 334)\055. Cdo 37 (Augis).png"
ceo-0056;"Commandos d'Extrême-Orient\5. Commandos EO (Cdo 35 à 334)\056. Cdo 37 DOM.png"
ceo-0057;"Commandos d'Extrême-Orient\5. Commandos EO (Cdo 35 à 334)\057. Cdo 40 DOM.png"
ceo-0058;"Commandos d'Extrême-Orient\5. Commandos EO (Cdo 35 à 334)\058. Cdo 41 DRR.png"
ceo-0059;"Commandos d'Extrême-Orient\5. Commandos EO (Cdo 35 à 334)\059. Cdo 42 DOM.png"
ceo-0060;"Commandos d'Extrême-Orient\5. Commandos EO (Cdo 35 à 334)\060. Cdo 42 DRR.png"
ceo-0061;"Commandos d'Extrême-Orient\5. Commandos EO (Cdo 35 à 334)\061. Cdo 43 DOM.png"
ceo-0062;"Commandos d'Extrême-Orient\5. Commandos EO (Cdo 35 à 334)\062. Cdo 45 DRR.png"
ceo-0063;"Commandos d'Extrême-Orient\5. Commandos EO (Cdo 35 à 334)\063. Cdo SO 53 Artisanale.png"
ceo-0064;"Commandos d'Extrême-Orient\5. Commandos EO (Cdo 35 à 334)\064. Cdo 63 Artisanale.png"
ceo-0065;"Commandos d'Extrême-Orient\5. Commandos EO (Cdo 35 à 334)\065. Cdo 314 DOM.png"
ceo-0066;"Commandos d'Extrême-Orient\5. Commandos EO (Cdo 35 à 334)\066. Cdo 334 Artisanale.png"
ceo-0067;"Commandos d'Extrême-Orient\6. Commandos EO (Cdo 354 à 310° CSM)\067. Cdo 354 DRR.png"
ceo-0068;"Commandos d'Extrême-Orient\6. Commandos EO (Cdo 354 à 310° CSM)\068. Cdo 534 DRR.png"
ceo-0069;"Commandos d'Extrême-Orient\6. Commandos EO (Cdo 354 à 310° CSM)\069. Cdo 535 DP.jpeg"
ceo-0070;"Commandos d'Extrême-Orient\6. Commandos EO (Cdo 354 à 310° CSM)\070. 602° Partisans DRR.png"
ceo-0071;"Commandos d'Extrême-Orient\6. Commandos EO (Cdo 354 à 310° CSM)\071. Cdo 610 DOM.png"
ceo-0072;"Commandos d'Extrême-Orient\6. Commandos EO (Cdo 354 à 310° CSM)\072. Cdo 620 DOM.png"
ceo-0073;"Commandos d'Extrême-Orient\6. Commandos EO (Cdo 354 à 310° CSM)\073. Cdo 724 DRR.png"
ceo-0074;"Commandos d'Extrême-Orient\6. Commandos EO (Cdo 354 à 310° CSM)\074. Cdo 744 DRR.png"
ceo-0075;"Commandos d'Extrême-Orient\6. Commandos EO (Cdo 354 à 310° CSM)\075. Cdo 757 DRR.png"
ceo-0076;"Commandos d'Extrême-Orient\6. Commandos EO (Cdo 354 à 310° CSM)\076. 148° CLPM Courtois.png"
ceo-0077;"Commandos d'Extrême-Orient\6. Commandos EO (Cdo 354 à 310° CSM)\077. 59° CLSM DOM.jpeg"
ceo-0078;"Commandos d'Extrême-Orient\6. Commandos EO (Cdo 354 à 310° CSM)\078. 223° CSM TFEO DOM.png"
ceo-0079;"Commandos d'Extrême-Orient\6. Commandos EO (Cdo 354 à 310° CSM)\079. 309° CSM Artisanale.png"
ceo-0080;"Commandos d'Extrême-Orient\6. Commandos EO (Cdo 354 à 310° CSM)\080. 310° CSM Artisanale.png"
ceo-0081;"Commandos d'Extrême-Orient\7. Commandos EO (501° CSM à Partisans)\081. 371° CSM DOM.jpeg"
ceo-0082;"Commandos d'Extrême-Orient\7. Commandos EO (501° CSM à Partisans)\082. 501° CSM Artisanale.jpeg"
ceo-0083;"Commandos d'Extrême-Orient\7. Commandos EO (501° CSM à Partisans)\083. 502° CSM Artisanale.jpeg"
ceo-0084;"Commandos d'Extrême-Orient\7. Commandos EO (501° CSM à Partisans)\084. 508° CSM Artisanale.jpeg"
ceo-0085;"Commandos d'Extrême-Orient\7. Commandos EO (501° CSM à Partisans)\085. 509 CSM AB.jpeg"
ceo-0086;"Commandos d'Extrême-Orient\7. Commandos EO (501° CSM à Partisans)\086. 532° CSM Artisanale.jpeg"
ceo-0087;"Commandos d'Extrême-Orient\7. Commandos EO (501° CSM à Partisans)\087. 536° CSM DRR.jpeg"
ceo-0088;"Commandos d'Extrême-Orient\7. Commandos EO (501° CSM à Partisans)\088. 925° CSM DOM Argent.jpeg"
ceo-0089;"Commandos d'Extrême-Orient\7. Commandos EO (501° CSM à Partisans)\089. SV Cynocommando Artisanale.jpeg"
ceo-0090;"Commandos d'Extrême-Orient\7. Commandos EO (501° CSM à Partisans)\090. Cdos cynophiles Artisanale.jpeg"
ceo-0091;"Commandos d'Extrême-Orient\7. Commandos EO (501° CSM à Partisans)\091. Partisans Hoa-Hao DOM.jpeg"
ceo-0092;"Commandos d'Extrême-Orient\7. Commandos EO (501° CSM à Partisans)\092. Partisans Hoa-Hao Art.jpeg"
ceo-0093;"Commandos d'Extrême-Orient\7. Commandos EO (501° CSM à Partisans)\093. Part. Haut-Donnaï AB.jpeg"
ceo-0094;"Commandos d'Extrême-Orient\7. Commandos EO (501° CSM à Partisans)\094. Part. Binh-Xuyen DOM.jpeg"
ceo-0095;"Commandos d'Extrême-Orient\8. Commandos EO (Binh Xuyen à CIFSM)\095. Part. Binh-Xuyen Art.png"
ceo-0096;"Commandos d'Extrême-Orient\8. Commandos EO (Binh Xuyen à CIFSM)\096. UMDC Augis.png"
ceo-0097;"Commandos d'Extrême-Orient\8. Commandos EO (Binh Xuyen à CIFSM)\097. UMDC Locale.png"
ceo-0098;"Commandos d'Extrême-Orient\8. Commandos EO (Binh Xuyen à CIFSM)\098. UMDC Artisanale.jpeg"
ceo-0099;"Commandos d'Extrême-Orient\8. Commandos EO (Binh Xuyen à CIFSM)\099. Cao-Daïstes DOM.png"
ceo-0100;"Commandos d'Extrême-Orient\8. Commandos EO (Binh Xuyen à CIFSM)\100. Cao-Daïstes Artisanale.png"
ceo-0101;"Commandos d'Extrême-Orient\8. Commandos EO (Binh Xuyen à CIFSM)\101. Part. Muong Laï DRB.png"
ceo-0102;"Commandos d'Extrême-Orient\8. Commandos EO (Binh Xuyen à CIFSM)\102. Cdo Bergerol DRR.png"
ceo-0103;"Commandos d'Extrême-Orient\8. Commandos EO (Binh Xuyen à CIFSM)\103. Gpt Cdos de Choc AB.png"
ceo-0104;"Commandos d'Extrême-Orient\8. Commandos EO (Binh Xuyen à CIFSM)\104. GCC N° 260 AB.png"
ceo-0105;"Commandos d'Extrême-Orient\8. Commandos EO (Binh Xuyen à CIFSM)\105. Forces supp. DOM.png"
ceo-0106;"Commandos d'Extrême-Orient\8. Commandos EO (Binh Xuyen à CIFSM)\106. Forces supp. DOM.png"
ceo-0107;"Commandos d'Extrême-Orient\8. Commandos EO (Binh Xuyen à CIFSM)\107. 1° Gpe Cdos SVN Artisanale.jpeg"
ceo-0108;"Commandos d'Extrême-Orient\8. Commandos EO (Binh Xuyen à CIFSM)\108. Cdo d'Afrique Artisanale.png"
ceo-0109;"Commandos d'Extrême-Orient\8. Commandos EO (Binh Xuyen à CIFSM)\109. Cdos Sud Vietnam Artisanale.jpeg"
ceo-0110;"Commandos d'Extrême-Orient\8. Commandos EO (Binh Xuyen à CIFSM)\149. CIFSM - Artisanale.jpeg"
ceo-0111;"Commandos d'Extrême-Orient\9. Commandos EO  (Cdo NVN à 504° CLSM)\504° CLSM Artisanale.jpeg"
ceo-0112;"Commandos d'Extrême-Orient\9. Commandos EO  (Cdo NVN à 504° CLSM)\110. Cdo NVN Locale.png"
ceo-0113;"Commandos d'Extrême-Orient\9. Commandos EO  (Cdo NVN à 504° CLSM)\111. Cdo NVN AB.png"
ceo-0114;"Commandos d'Extrême-Orient\9. Commandos EO  (Cdo NVN à 504° CLSM)\112. Cdo NVN DOM.png"
ceo-0115;"Commandos d'Extrême-Orient\9. Commandos EO  (Cdo NVN à 504° CLSM)\113. Cdo NVN DRR.png"
ceo-0116;"Commandos d'Extrême-Orient\9. Commandos EO  (Cdo NVN à 504° CLSM)\114. Cdo Mynoï DP.png"
ceo-0117;"Commandos d'Extrême-Orient\9. Commandos EO  (Cdo NVN à 504° CLSM)\115. CDEO Artisanale.png"
ceo-0118;"Commandos d'Extrême-Orient\9. Commandos EO  (Cdo NVN à 504° CLSM)\116. CDEO Artisanale.png"
ceo-0119;"Commandos d'Extrême-Orient\9. Commandos EO  (Cdo NVN à 504° CLSM)\117. SS TFEO DRB.png"
ceo-0120;"Commandos d'Extrême-Orient\9. Commandos EO  (Cdo NVN à 504° CLSM)\118. SS TFEO DOM.png"
ceo-0121;"Commandos d'Extrême-Orient\9. Commandos EO  (Cdo NVN à 504° CLSM)\119. 1° Cdo du Laos DRB.png"
ceo-0122;"Commandos d'Extrême-Orient\9. Commandos EO  (Cdo NVN à 504° CLSM)\120. 2° Cdo du Laos DP.png"
ceo-0123;"Commandos d'Extrême-Orient\9. Commandos EO  (Cdo NVN à 504° CLSM)\121. 6° Cdo Fr-Laos DRB.png"
ceo-0124;"Commandos d'Extrême-Orient\9. Commandos EO  (Cdo NVN à 504° CLSM)\122. Cdo CL 2 Seurat SNF.png"
ceo-0125;"Commandos d'Extrême-Orient\9. Commandos EO  (Cdo NVN à 504° CLSM)\123. Cdo SO 5 DOM.png"
ceo-0126;"Commandos d'Extrême-Orient\10. Commandos EO (Cdo Traninh à Cdo Hubert)\125. Cdo du Traninh Art. Argent.jpeg"
ceo-0127;"Commandos d'Extrême-Orient\10. Commandos EO (Cdo Traninh à Cdo Hubert)\126. Cdo d'Annam 1_110° RI Art.png"
ceo-0128;"Commandos d'Extrême-Orient\10. Commandos EO (Cdo Traninh à Cdo Hubert)\127. Cdo Voisard Art.png"
ceo-0129;"Commandos d'Extrême-Orient\10. Commandos EO (Cdo Traninh à Cdo Hubert)\128. Cdo d'Annam Artisanale.png"
ceo-0130;"Commandos d'Extrême-Orient\10. Commandos EO (Cdo Traninh à Cdo Hubert)\129. Cdo 41 Artisanale.png"
ceo-0131;"Commandos d'Extrême-Orient\10. Commandos EO (Cdo Traninh à Cdo Hubert)\130. CAGPP Artisanale.png"
ceo-0132;"Commandos d'Extrême-Orient\10. Commandos EO (Cdo Traninh à Cdo Hubert)\131. Cdos Marine NVN DOM.png"
ceo-0133;"Commandos d'Extrême-Orient\10. Commandos EO (Cdo Traninh à Cdo Hubert)\132. Cdo Hubert DPN.png"
ceo-0134;"Commandos d'Extrême-Orient\10. Commandos EO (Cdo Traninh à Cdo Hubert)\133. Cdo Hubert Courtois.png"
ceo-0135;"Commandos d'Extrême-Orient\10. Commandos EO (Cdo Traninh à Cdo Hubert)\134. Cdo Hubert Courtois.png"
ceo-0136;"Commandos d'Extrême-Orient\11. Commandos EO (Jaubert à Trepel)\132. Cdos Marine AB Argent.png"
ceo-0137;"Commandos d'Extrême-Orient\11. Commandos EO (Jaubert à Trepel)\136. Cdo Jaubert Augis.png"
ceo-0138;"Commandos d'Extrême-Orient\11. Commandos EO (Jaubert à Trepel)\137. Cdo de Montfort Augis.jpeg"
ceo-0139;"Commandos d'Extrême-Orient\11. Commandos EO (Jaubert à Trepel)\138. Cdo de Montfort Augis.jpeg"
ceo-0140;"Commandos d'Extrême-Orient\11. Commandos EO (Jaubert à Trepel)\139. Cdo Ouragan AB.png"
ceo-0141;"Commandos d'Extrême-Orient\11. Commandos EO (Jaubert à Trepel)\140. Cdo de PenfentenyoCourtois.png"
ceo-0142;"Commandos d'Extrême-Orient\11. Commandos EO (Jaubert à Trepel)\141. Cdo Dinassaut IIIArtisanale.png"
ceo-0143;"Commandos d'Extrême-Orient\11. Commandos EO (Jaubert à Trepel)\142. Cdo Tempête DP.png"
ceo-0144;"Commandos d'Extrême-Orient\11. Commandos EO (Jaubert à Trepel)\143. Cdo Trepel Augis.png"
ceo-0145;"Commandos d'Extrême-Orient\11. Commandos EO (Jaubert à Trepel)\144. Cdo Cholon N° 22 AB.png"
ceo-0146;"Commandos d'Extrême-Orient\11. Commandos EO (Jaubert à Trepel)\145. Cdo Cholon Argent DOM.png"
ceo-0147;"Commandos d'Extrême-Orient\11. Commandos EO (Jaubert à Trepel)\146. Cdo Cholon DOM.png"
ceo-0148;"Commandos d'Extrême-Orient\11. Commandos EO (Jaubert à Trepel)\147. Cdo Cholon Artisanale.png"
gu-0001;"Grandes unités d'infanterie\1. Grandes unités infanterie (1° à 10° DI)\001. 1° DI DRB peint.jpeg"
gu-0002;"Grandes unités d'infanterie\1. Grandes unités infanterie (1° à 10° DI)\002. 1° DI DRB émail.png"
gu-0003;"Grandes unités d'infanterie\1. Grandes unités infanterie (1° à 10° DI)\003. 1° GI DRB.png"
gu-0004;"Grandes unités d'infanterie\1. Grandes unités infanterie (1° à 10° DI)\004. 3° DI SNF.jpeg"
gu-0005;"Grandes unités d'infanterie\1. Grandes unités infanterie (1° à 10° DI)\005. 3° DIM SNF.jpeg"
gu-0006;"Grandes unités d'infanterie\1. Grandes unités infanterie (1° à 10° DI)\006. 3° DI Mardini.png"
gu-0007;"Grandes unités d'infanterie\1. Grandes unités infanterie (1° à 10° DI)\007. 4° DI DP.png"
gu-0008;"Grandes unités d'infanterie\1. Grandes unités infanterie (1° à 10° DI)\008. 5° GI SNF.png"
gu-0009;"Grandes unités d'infanterie\1. Grandes unités infanterie (1° à 10° DI)\009. 7° DBI FFI DP.jpeg"
gu-0010;"Grandes unités d'infanterie\1. Grandes unités infanterie (1° à 10° DI)\010. 10° DBI SNF.png"
gu-0011;"Grandes unités d'infanterie\1. Grandes unités infanterie (1° à 10° DI)\011. 10° DBI SNF.png"
gu-0012;"Grandes unités d'infanterie\1. Grandes unités infanterie (1° à 10° DI)\012. 10° DI FFI SNF.jpeg"
gu-0013;"Grandes unités d'infanterie\1. Grandes unités infanterie (1° à 10° DI)\013. 10° DI FFI SNF.jpeg"
gu-0014;"Grandes unités d'infanterie\1. Grandes unités infanterie (1° à 10° DI)\014. 11° DI ABPD.png"
gu-0015;"Grandes unités d'infanterie\1. Grandes unités infanterie (1° à 10° DI)\015. 11° DI DP.jpeg"
gu-0016;"Grandes unités d'infanterie\1. Grandes unités infanterie (1° à 10° DI)\016. 12° DI ABPD.jpeg"
gu-0017;"Grandes unités d'infanterie\2. Grandes unités infanterie (12° à 29° DI)\017. 12° DI DP.png"
gu-0018;"Grandes unités d'infanterie\2. Grandes unités infanterie (12° à 29° DI)\018. 13° DI DP.png"
gu-0019;"Grandes unités d'infanterie\2. Grandes unités infanterie (12° à 29° DI)\019. 14° DI Chobillon.jpeg"
gu-0020;"Grandes unités d'infanterie\2. Grandes unités infanterie (12° à 29° DI)\020. 14° DI Allemagne.jpeg"
gu-0021;"Grandes unités d'infanterie\2. Grandes unités infanterie (12° à 29° DI)\021. 15° DI DP.png"
gu-0022;"Grandes unités d'infanterie\2. Grandes unités infanterie (12° à 29° DI)\022. 19° DI FFI SNF peint.jpeg"
gu-0023;"Grandes unités d'infanterie\2. Grandes unités infanterie (12° à 29° DI)\023. 19° DI DP.jpeg"
gu-0024;"Grandes unités d'infanterie\2. Grandes unités infanterie (12° à 29° DI)\024. 19° DI ABP.png"
gu-0025;"Grandes unités d'infanterie\2. Grandes unités infanterie (12° à 29° DI)\025. 19° DBI DP.jpeg"
gu-0026;"Grandes unités d'infanterie\2. Grandes unités infanterie (12° à 29° DI)\026. 19° DI DP.jpeg"
gu-0027;"Grandes unités d'infanterie\2. Grandes unités infanterie (12° à 29° DI)\027. 20° DI DP.png"
gu-0028;"Grandes unités d'infanterie\2. Grandes unités infanterie (12° à 29° DI)\028. 20° DI EM DP.png"
gu-0029;"Grandes unités d'infanterie\2. Grandes unités infanterie (12° à 29° DI)\029. 26° DI DP.jpeg"
gu-0030;"Grandes unités d'infanterie\2. Grandes unités infanterie (12° à 29° DI)\030. 26° DI DP.png"
gu-0031;"Grandes unités d'infanterie\2. Grandes unités infanterie (12° à 29° DI)\031. 29° DI Augis.png"
gu-0032;"Grandes unités d'infanterie\2. Grandes unités infanterie (12° à 29° DI)\032. 29° DI ABP.png"
gu-0033;"Grandes unités d'infanterie\3. Grandes unités infanterie (30° DI à CEF)\034. 30° DI DP.jpeg"
gu-0034;"Grandes unités d'infanterie\3. Grandes unités infanterie (30° DI à CEF)\035. 36° DI Artisanale.png"
gu-0035;"Grandes unités d'infanterie\3. Grandes unités infanterie (30° DI à CEF)\036. 43° DI AB.jpeg"
gu-0036;"Grandes unités d'infanterie\3. Grandes unités infanterie (30° DI à CEF)\037. 43° DI 1° CI Duseaux.jpeg"
gu-0037;"Grandes unités d'infanterie\3. Grandes unités infanterie (30° DI à CEF)\038. 63° DI Moret.jpeg"
gu-0038;"Grandes unités d'infanterie\3. Grandes unités infanterie (30° DI à CEF)\039. 61° DI ABPD.jpeg"
gu-0039;"Grandes unités d'infanterie\3. Grandes unités infanterie (30° DI à CEF)\040. 63° DI Augis.png"
gu-0040;"Grandes unités d'infanterie\3. Grandes unités infanterie (30° DI à CEF)\041. 66° DI Augis.jpeg"
gu-0041;"Grandes unités d'infanterie\3. Grandes unités infanterie (30° DI à CEF)\042. 67° DI SNF.png"
gu-0042;"Grandes unités d'infanterie\3. Grandes unités infanterie (30° DI à CEF)\043. 101° DIF SNF.jpeg"
gu-0043;"Grandes unités d'infanterie\3. Grandes unités infanterie (30° DI à CEF)\044. 192° DI DRB.jpeg"
gu-0044;"Grandes unités d'infanterie\3. Grandes unités infanterie (30° DI à CEF)\045. 363° DBI DRB.jpeg"
gu-0045;"Grandes unités d'infanterie\3. Grandes unités infanterie (30° DI à CEF)\046. CEF SNF.png"
gu-0046;"Grandes unités d'infanterie\3. Grandes unités infanterie (30° DI à CEF)\047. Infanterie du CEF SNF.jpeg"
gu-0047;"Grandes unités d'infanterie\3. Grandes unités infanterie (30° DI à CEF)\048. 9° DI DP.png"
inf-0001;"Infanterie\1. Infanterie métro (1° à 3°)\Commando 3° RIA DP - (classé avec Commandos AFN).jpeg"
inf-0002;"Infanterie\1. Infanterie métro (1° à 3°)\001. 1° RI ABPD.jpeg"
inf-0003;"Infanterie\1. Infanterie métro (1° à 3°)\002. 1° RI Fab. allemande.jpeg"
inf-0004;"Infanterie\1. Infanterie métro (1° à 3°)\003. 1° RI Mardini.jpeg"
inf-0005;"Infanterie\1. Infanterie métro (1° à 3°)\004. 1° RIMOT. DP.jpeg"
inf-0006;"Infanterie\1. Infanterie métro (1° à 3°)\005. 1° RIMOT. DP Argent.jpeg"
inf-0007;"Infanterie\1. Infanterie métro (1° à 3°)\006. 1° RIMOT. AB.jpeg"
inf-0008;"Infanterie\1. Infanterie métro (1° à 3°)\007. 1° RI DP.jpeg"
inf-0009;"Infanterie\1. Infanterie métro (1° à 3°)\008. 1° RI AB.jpeg"
inf-0010;"Infanterie\1. Infanterie métro (1° à 3°)\009. 2° RI DP.jpeg"
inf-0011;"Infanterie\1. Infanterie métro (1° à 3°)\010. 2° RI DP Argent.png"
inf-0012;"Infanterie\1. Infanterie métro (1° à 3°)\011. 2° RI AB.jpeg"
inf-0013;"Infanterie\1. Infanterie métro (1° à 3°)\012. 2° RI AB Doré.jpeg"
inf-0014;"Infanterie\1. Infanterie métro (1° à 3°)\013. 3° RIA (Chobillon) - Insigne de béret.jpeg"
inf-0015;"Infanterie\1. Infanterie métro (1° à 3°)\014. 3° RIA SNF - Insigne de béret.jpeg"
inf-0016;"Infanterie\2. Infanterie métro (3° à 4°)\015. 3° RIA Aubert.jpeg"
inf-0017;"Infanterie\2. Infanterie métro (3° à 4°)\016. 3° RIA DRB.jpeg"
inf-0018;"Infanterie\2. Infanterie métro (3° à 4°)\017. 3° RIA DRB.jpeg"
inf-0019;"Infanterie\2. Infanterie métro (3° à 4°)\018. 3° RIA DRB.jpeg"
inf-0020;"Infanterie\2. Infanterie métro (3° à 4°)\019. 3° RIA SES DRB.jpeg"
inf-0021;"Infanterie\2. Infanterie métro (3° à 4°)\020. 3° RIA 21° BI DRB.jpeg"
inf-0022;"Infanterie\2. Infanterie métro (3° à 4°)\021. 3° RIA DP.jpeg"
inf-0023;"Infanterie\2. Infanterie métro (3° à 4°)\022. 3° RIA DP Argent.png"
inf-0024;"Infanterie\2. Infanterie métro (3° à 4°)\023. 3° RI DP.jpeg"
inf-0025;"Infanterie\2. Infanterie métro (3° à 4°)\024. 3° BI DP.jpeg"
inf-0026;"Infanterie\2. Infanterie métro (3° à 4°)\025. 4° RI SNF.png"
inf-0027;"Infanterie\2. Infanterie métro (3° à 4°)\026. 4° RI ABPD.jpeg"
inf-0028;"Infanterie\2. Infanterie métro (3° à 4°)\027. 4° RI DP.jpeg"
inf-0029;"Infanterie\3. Infanterie métro (5° à 6°)\028. 5° RI DRB.jpeg"
inf-0030;"Infanterie\3. Infanterie métro (5° à 6°)\029. 5° RI DRB.jpeg"
inf-0031;"Infanterie\3. Infanterie métro (5° à 6°)\030. 5° RI (KQ).jpeg"
inf-0032;"Infanterie\3. Infanterie métro (5° à 6°)\031. 5° RI (KQ).jpeg"
inf-0033;"Infanterie\3. Infanterie métro (5° à 6°)\032. 5° BI QK.jpeg"
inf-0034;"Infanterie\3. Infanterie métro (5° à 6°)\033. 5° RI 21° BI SNF.jpeg"
inf-0035;"Infanterie\3. Infanterie métro (5° à 6°)\034. 5° RI SNF (Me).jpeg"
inf-0036;"Infanterie\3. Infanterie métro (5° à 6°)\035. 5° RI Mardini.jpeg"
inf-0037;"Infanterie\3. Infanterie métro (5° à 6°)\036. 5° RI OFSI.jpeg"
inf-0038;"Infanterie\3. Infanterie métro (5° à 6°)\037. 5° RI DP.jpeg"
inf-0039;"Infanterie\3. Infanterie métro (5° à 6°)\038. 5° RI DP Argent.jpeg"
inf-0040;"Infanterie\3. Infanterie métro (5° à 6°)\039. 6° RI Fraisse-Demey.png"
inf-0041;"Infanterie\3. Infanterie métro (5° à 6°)\040. 6° RI DRB Emaillé.png"
inf-0042;"Infanterie\3. Infanterie métro (5° à 6°)\041. 6° RI DRB Peint.png"
inf-0043;"Infanterie\4. Infanterie métro (6° è 8°)\8° RI DP Béret AFN.jpeg"
inf-0044;"Infanterie\4. Infanterie métro (6° è 8°)\042. 6° RI DP Argent.jpeg"
inf-0045;"Infanterie\4. Infanterie métro (6° è 8°)\043. 6° RI DP.jpeg"
inf-0046;"Infanterie\4. Infanterie métro (6° è 8°)\044. 6° RI OFSI.jpeg"
inf-0047;"Infanterie\4. Infanterie métro (6° è 8°)\045. 7° RI AB _Sans peur_.jpeg"
inf-0048;"Infanterie\4. Infanterie métro (6° è 8°)\046. 7° RI AB _Sans peur_.jpeg"
inf-0049;"Infanterie\4. Infanterie métro (6° è 8°)\047. 7° RI AB _Je suis …_.jpeg"
inf-0050;"Infanterie\4. Infanterie métro (6° è 8°)\048. 8° RI SNF Déposé.jpeg"
inf-0051;"Infanterie\4. Infanterie métro (6° è 8°)\049. 8° RI ABPD.jpeg"
inf-0052;"Infanterie\4. Infanterie métro (6° è 8°)\050. 8° RI DRB Argent.jpeg"
inf-0053;"Infanterie\4. Infanterie métro (6° è 8°)\051. 8° RI DRB.jpeg"
inf-0054;"Infanterie\4. Infanterie métro (6° è 8°)\052. 8° RI DRB.jpeg"
inf-0055;"Infanterie\4. Infanterie métro (6° è 8°)\053. 8° RI DRB.jpeg"
inf-0056;"Infanterie\5. Infanterie métro (8° à 18°)\054. 8° RIM DP Argent.jpeg"
inf-0057;"Infanterie\5. Infanterie métro (8° à 18°)\055. 8° RIM AB.jpeg"
inf-0058;"Infanterie\5. Infanterie métro (8° à 18°)\056. 8° BI DP.jpeg"
inf-0059;"Infanterie\5. Infanterie métro (8° à 18°)\057. 8° RI DP.jpeg"
inf-0060;"Infanterie\5. Infanterie métro (8° à 18°)\058. 8° RI DP.jpeg"
inf-0061;"Infanterie\5. Infanterie métro (8° à 18°)\059. 9° RI Chobillon.jpeg"
inf-0062;"Infanterie\5. Infanterie métro (8° à 18°)\060. 10° RI (Picard del.).jpeg"
inf-0063;"Infanterie\5. Infanterie métro (8° à 18°)\061. 11° RI (AB).jpeg"
inf-0064;"Infanterie\5. Infanterie métro (8° à 18°)\062. 12° BI DP.jpeg"
inf-0065;"Infanterie\5. Infanterie métro (8° à 18°)\063. 13° RI ABPD.jpeg"
inf-0066;"Infanterie\5. Infanterie métro (8° à 18°)\064. 14° RI DRB.png"
inf-0067;"Infanterie\5. Infanterie métro (8° à 18°)\065. 14° RI DRB Argent.jpeg"
inf-0068;"Infanterie\5. Infanterie métro (8° à 18°)\066. 14° RI ABPD.jpeg"
inf-0069;"Infanterie\5. Infanterie métro (8° à 18°)\067. 14° RI Allemagne.jpeg"
inf-0070;"Infanterie\5. Infanterie métro (8° à 18°)\068. 15° RIA ABPD.jpeg"
inf-0071;"Infanterie\5. Infanterie métro (8° à 18°)\069. 15° RIA B3 CA SNF.jpeg"
inf-0072;"Infanterie\5. Infanterie métro (8° à 18°)\070. 18° RI (Chobillon).jpeg"
inf-0073;"Infanterie\5. Infanterie métro (8° à 18°)\633. 8° RIM DP.jpeg"
inf-0074;"Infanterie\6. Infanterie métro (18° à 22°)\071. 18° RI ABPD.png"
inf-0075;"Infanterie\6. Infanterie métro (18° à 22°)\072. 18° RI DPN.jpeg"
inf-0076;"Infanterie\6. Infanterie métro (18° à 22°)\073. 18° RI DRB.jpeg"
inf-0077;"Infanterie\6. Infanterie métro (18° à 22°)\074. 18° RI DRB.jpeg"
inf-0078;"Infanterie\6. Infanterie métro (18° à 22°)\075. 19° RI DRB.jpeg"
inf-0079;"Infanterie\6. Infanterie métro (18° à 22°)\076. 19° RI DRB.jpeg"
inf-0080;"Infanterie\6. Infanterie métro (18° à 22°)\077. 20° RI AB.jpeg"
inf-0081;"Infanterie\6. Infanterie métro (18° à 22°)\078. 21° RI ABPD.jpeg"
inf-0082;"Infanterie\6. Infanterie métro (18° à 22°)\079. 21° RI AB.jpeg"
inf-0083;"Infanterie\6. Infanterie métro (18° à 22°)\080. 21° RI DP.jpeg"
inf-0084;"Infanterie\6. Infanterie métro (18° à 22°)\081. 22° RIF 2° Bon Moret.jpeg"
inf-0085;"Infanterie\6. Infanterie métro (18° à 22°)\082. 22° BI DP.jpeg"
inf-0086;"Infanterie\6. Infanterie métro (18° à 22°)\083. 22° RI DP.jpeg"
inf-0087;"Infanterie\6. Infanterie métro (18° à 22°)\084. 22° RI AB.jpeg"
inf-0088;"Infanterie\7. Infanterie métro (23° à 26°)\085. 23° RI Chobillon.jpeg"
inf-0089;"Infanterie\7. Infanterie métro (23° à 26°)\086. 23° RI SNF.jpeg"
inf-0090;"Infanterie\7. Infanterie métro (23° à 26°)\087. 23° RI ABPD - Lauter.jpeg"
inf-0091;"Infanterie\7. Infanterie métro (23° à 26°)\088. 23° RI DP - Alsace-Languedoc.jpeg"
inf-0092;"Infanterie\7. Infanterie métro (23° à 26°)\089. 23° RI DP - Alsace.jpeg"
inf-0093;"Infanterie\7. Infanterie métro (23° à 26°)\090. 23° RI AB - Alsace.jpeg"
inf-0094;"Infanterie\7. Infanterie métro (23° à 26°)\091. 23° RI OFSI - Alsace.jpeg"
inf-0095;"Infanterie\7. Infanterie métro (23° à 26°)\092. 23° RI DP.jpeg"
inf-0096;"Infanterie\7. Infanterie métro (23° à 26°)\093. 23° RI DP Argent.jpeg"
inf-0097;"Infanterie\7. Infanterie métro (23° à 26°)\094. 24° RI (1839) ABPD.jpeg"
inf-0098;"Infanterie\7. Infanterie métro (23° à 26°)\095. 24° RI (1832) ABPD.jpeg"
inf-0099;"Infanterie\7. Infanterie métro (23° à 26°)\096. 24° RI AB.png"
inf-0100;"Infanterie\7. Infanterie métro (23° à 26°)\097. 24° BI AB.png"
inf-0101;"Infanterie\7. Infanterie métro (23° à 26°)\098. 26° RI Marchandot.jpeg"
inf-0102;"Infanterie\7. Infanterie métro (23° à 26°)\099. 26° RI Marchandot.jpeg"
inf-0103;"Infanterie\7. Infanterie métro (23° à 26°)\100. 26° RI DRB.jpeg"
inf-0104;"Infanterie\7. Infanterie métro (23° à 26°)\101. 26° RI CDAC 11° DI - ABPD.png"
inf-0105;"Infanterie\7. Infanterie métro (23° à 26°)\102. 26° RI SNF.jpeg"
inf-0106;"Infanterie\7. Infanterie métro (23° à 26°)\103. 26° RI SNF.jpeg"
inf-0107;"Infanterie\8. Infanterie métro (26° à 32°)\104. 26° RI SNF.jpeg"
inf-0108;"Infanterie\8. Infanterie métro (26° à 32°)\105. 26° RI SNF.jpeg"
inf-0109;"Infanterie\8. Infanterie métro (26° à 32°)\106. 26° RI Mourgeon.jpeg"
inf-0110;"Infanterie\8. Infanterie métro (26° à 32°)\107. 26° RI DP.jpeg"
inf-0111;"Infanterie\8. Infanterie métro (26° à 32°)\108. 26° RI DP.jpeg"
inf-0112;"Infanterie\8. Infanterie métro (26° à 32°)\109. 26° RI DP Argent.jpeg"
inf-0113;"Infanterie\8. Infanterie métro (26° à 32°)\110. 26° RI SNF.jpeg"
inf-0114;"Infanterie\8. Infanterie métro (26° à 32°)\111. 26° RI Locale EO.jpeg"
inf-0115;"Infanterie\8. Infanterie métro (26° à 32°)\112. 27° RI ABPD.jpeg"
inf-0116;"Infanterie\8. Infanterie métro (26° à 32°)\113. 27° RI SNF.jpeg"
inf-0117;"Infanterie\8. Infanterie métro (26° à 32°)\114. 27° RI DRB Argent.jpeg"
inf-0118;"Infanterie\8. Infanterie métro (26° à 32°)\115. 27° RI DP.jpeg"
inf-0119;"Infanterie\8. Infanterie métro (26° à 32°)\116. 29° RI SNF.jpeg"
inf-0120;"Infanterie\8. Infanterie métro (26° à 32°)\117. 30° RI Augis.jpeg"
inf-0121;"Infanterie\8. Infanterie métro (26° à 32°)\118. 31° RI DRB.png"
inf-0122;"Infanterie\8. Infanterie métro (26° à 32°)\119. 32° RI SNF.jpeg"
inf-0123;"Infanterie\8. Infanterie métro (26° à 32°)\120. 32° RI Chobillon.jpeg"
inf-0124;"Infanterie\8. Infanterie métro (26° à 32°)\121. 32° RI DRB.jpeg"
inf-0125;"Infanterie\8. Infanterie métro (26° à 32°)\122. 32° RI DRB.jpeg"
inf-0126;"Infanterie\8. Infanterie métro (26° à 32°)\123. 32° RI DRB.jpeg"
inf-0127;"Infanterie\8. Infanterie métro (26° à 32°)\124. 32° RI DRB.jpeg"
inf-0128;"Infanterie\8. Infanterie métro (26° à 32°)\125. 32° RID DP.jpeg"
inf-0129;"Infanterie\9. Infanterie métro (32° à 36°)\126. 32° RI Drago.jpeg"
inf-0130;"Infanterie\9. Infanterie métro (32° à 36°)\127. 33° RID LR.png"
inf-0131;"Infanterie\9. Infanterie métro (32° à 36°)\128. 34° RIF SNF.png"
inf-0132;"Infanterie\9. Infanterie métro (32° à 36°)\129. 35° RI 4° BI ABPD.jpeg"
inf-0133;"Infanterie\9. Infanterie métro (32° à 36°)\130. 35° RI CM ABPD.jpeg"
inf-0134;"Infanterie\9. Infanterie métro (32° à 36°)\131. 35° RI SNF.jpeg"
inf-0135;"Infanterie\9. Infanterie métro (32° à 36°)\132. 35° RI AB.jpeg"
inf-0136;"Infanterie\9. Infanterie métro (32° à 36°)\133. 35° RI DP Argent.jpeg"
inf-0137;"Infanterie\9. Infanterie métro (32° à 36°)\134. 35° RI DOM.jpeg"
inf-0138;"Infanterie\9. Infanterie métro (32° à 36°)\135. 35° RI DP.jpeg"
inf-0139;"Infanterie\9. Infanterie métro (32° à 36°)\136. 35° RI DP Argent.jpeg"
inf-0140;"Infanterie\9. Infanterie métro (32° à 36°)\137. CI 35° RI 61° RA DP.jpeg"
inf-0141;"Infanterie\9. Infanterie métro (32° à 36°)\138. 36° RI Chobillon.jpeg"
inf-0142;"Infanterie\9. Infanterie métro (32° à 36°)\139. 36° RI Chobillon.jpeg"
inf-0143;"Infanterie\9. Infanterie métro (32° à 36°)\140. 36° RI Chobillon.jpeg"
inf-0144;"Infanterie\9. Infanterie métro (32° à 36°)\141. 36° RI Chobillon.jpeg"
inf-0145;"Infanterie\10. Infanterie métro (36° à 39°)\142. 36° BI DP.png"
inf-0146;"Infanterie\10. Infanterie métro (36° à 39°)\143. 37° RI SNF.jpeg"
inf-0147;"Infanterie\10. Infanterie métro (36° à 39°)\144. 37° RI SNF.png"
inf-0148;"Infanterie\10. Infanterie métro (36° à 39°)\145. 37° RI SNF.png"
inf-0149;"Infanterie\10. Infanterie métro (36° à 39°)\146. 37° BMEO AB.jpeg"
inf-0150;"Infanterie\10. Infanterie métro (36° à 39°)\147. 37° RI SNF.jpeg"
inf-0151;"Infanterie\10. Infanterie métro (36° à 39°)\148. 37° RI DP.jpeg"
inf-0152;"Infanterie\10. Infanterie métro (36° à 39°)\149. 37° RI SNF.jpeg"
inf-0153;"Infanterie\10. Infanterie métro (36° à 39°)\150. 38° RI Chobillon.jpeg"
inf-0154;"Infanterie\10. Infanterie métro (36° à 39°)\151. 38° RI DRB.jpeg"
inf-0155;"Infanterie\10. Infanterie métro (36° à 39°)\152. 38° BI DRB Argent.jpeg"
inf-0156;"Infanterie\10. Infanterie métro (36° à 39°)\153. 38° BI DRB.jpeg"
inf-0157;"Infanterie\10. Infanterie métro (36° à 39°)\154. 39° RI ABPD.jpeg"
inf-0158;"Infanterie\10. Infanterie métro (36° à 39°)\155. 39° RI Andor.jpeg"
inf-0159;"Infanterie\10. Infanterie métro (36° à 39°)\156. 39° RI Andor.jpeg"
inf-0160;"Infanterie\10. Infanterie métro (36° à 39°)\157. 39° RI Andor.jpeg"
inf-0161;"Infanterie\11. Infanterie métro (39° à 43° RI)\158. 39° RI AB.png"
inf-0162;"Infanterie\11. Infanterie métro (39° à 43° RI)\159. 39° RI DP.png"
inf-0163;"Infanterie\11. Infanterie métro (39° à 43° RI)\160. 39° RI DP Argent.png"
inf-0164;"Infanterie\11. Infanterie métro (39° à 43° RI)\161. 41° RI AB.jpeg"
inf-0165;"Infanterie\11. Infanterie métro (39° à 43° RI)\162. 41° RI DRB.jpeg"
inf-0166;"Infanterie\11. Infanterie métro (39° à 43° RI)\163. 41° RI AB.jpeg"
inf-0167;"Infanterie\11. Infanterie métro (39° à 43° RI)\164. 41° RI DOM.jpeg"
inf-0168;"Infanterie\11. Infanterie métro (39° à 43° RI)\165. 41° RI DP.jpeg"
inf-0169;"Infanterie\11. Infanterie métro (39° à 43° RI)\166. 42° RI AB.png"
inf-0170;"Infanterie\11. Infanterie métro (39° à 43° RI)\167. 42° RI Arémail.jpeg"
inf-0171;"Infanterie\11. Infanterie métro (39° à 43° RI)\168. 42° RI DP.jpeg"
inf-0172;"Infanterie\11. Infanterie métro (39° à 43° RI)\169. 42° RI DP Argent.png"
inf-0173;"Infanterie\11. Infanterie métro (39° à 43° RI)\170. 42° RI DP.jpeg"
inf-0174;"Infanterie\11. Infanterie métro (39° à 43° RI)\171. 43° RI DRB.jpeg"
inf-0175;"Infanterie\11. Infanterie métro (39° à 43° RI)\172. 43° RI AB.jpeg"
inf-0176;"Infanterie\11. Infanterie métro (39° à 43° RI)\173. 43° RI DP Argent.jpeg"
inf-0177;"Infanterie\11. Infanterie métro (39° à 43° RI)\174. 43° RI DP.jpeg"
inf-0178;"Infanterie\11. Infanterie métro (39° à 43° RI)\175. 43° RI DP.jpeg"
inf-0179;"Infanterie\11. Infanterie métro (39° à 43° RI)\176. CI 43° RI AB.jpeg"
inf-0180;"Infanterie\11. Infanterie métro (39° à 43° RI)\177. CI 43° RI DP.jpeg"
inf-0181;"Infanterie\12. Infanterie métro (43° à 46° RI)\178. 43° RI Peloton AB.jpeg"
inf-0182;"Infanterie\12. Infanterie métro (43° à 46° RI)\179. 43° RIA SNF.jpeg"
inf-0183;"Infanterie\12. Infanterie métro (43° à 46° RI)\180. 43° RIA DRB.jpeg"
inf-0184;"Infanterie\12. Infanterie métro (43° à 46° RI)\181. 43° RIA DP.jpeg"
inf-0185;"Infanterie\12. Infanterie métro (43° à 46° RI)\182. 43° RIA SNF.jpeg"
inf-0186;"Infanterie\12. Infanterie métro (43° à 46° RI)\183. 43° RIA SES N° 397 SNF.jpeg"
inf-0187;"Infanterie\12. Infanterie métro (43° à 46° RI)\184. Bataillon Madeline ABPD.jpeg"
inf-0188;"Infanterie\12. Infanterie métro (43° à 46° RI)\185. 43° RI CDAC 1° DI ABPD.png"
inf-0189;"Infanterie\12. Infanterie métro (43° à 46° RI)\186. 44° RI DRB.jpeg"
inf-0190;"Infanterie\12. Infanterie métro (43° à 46° RI)\187. 44° RI Ch.jpeg"
inf-0191;"Infanterie\12. Infanterie métro (43° à 46° RI)\188. 44° RI SNF.jpeg"
inf-0192;"Infanterie\12. Infanterie métro (43° à 46° RI)\189. 45° RI FD.jpeg"
inf-0193;"Infanterie\12. Infanterie métro (43° à 46° RI)\190. 45° RI SNF.jpeg"
inf-0194;"Infanterie\12. Infanterie métro (43° à 46° RI)\191.46° RI CDAC ABPD.jpeg"
inf-0195;"Infanterie\12. Infanterie métro (43° à 46° RI)\192. 46° RI ABPD.jpeg"
inf-0196;"Infanterie\12. Infanterie métro (43° à 46° RI)\193. 46° RI SNF.png"
inf-0197;"Infanterie\12. Infanterie métro (43° à 46° RI)\194. 46° RI KQ.jpeg"
inf-0198;"Infanterie\12. Infanterie métro (43° à 46° RI)\195. 46° RI DP.jpeg"
inf-0199;"Infanterie\12. Infanterie métro (43° à 46° RI)\196. 46° RI DP.png"
inf-0200;"Infanterie\12. Infanterie métro (43° à 46° RI)\197. 46° RI DP Argent.jpeg"
inf-0201;"Infanterie\12. Infanterie métro (43° à 46° RI)\198. CI 46° RI DP n° 8.png"
inf-0202;"Infanterie\12. Infanterie métro (43° à 46° RI)\199. 46° RI DP Argent.png"
inf-0203;"Infanterie\13. Infanterie métro (46° à 51°)\200. 46° RI 1° Cie AB.png"
inf-0204;"Infanterie\13. Infanterie métro (46° à 51°)\201. 46° RI 2° Cie AB.png"
inf-0205;"Infanterie\13. Infanterie métro (46° à 51°)\202. 47° RI AB.png"
inf-0206;"Infanterie\13. Infanterie métro (46° à 51°)\203. 47° RI AB.jpeg"
inf-0207;"Infanterie\13. Infanterie métro (46° à 51°)\204. 47° RI AB.jpeg"
inf-0208;"Infanterie\13. Infanterie métro (46° à 51°)\205. 47° RI AB.png"
inf-0209;"Infanterie\13. Infanterie métro (46° à 51°)\206. 48° RI SNF.jpeg"
inf-0210;"Infanterie\13. Infanterie métro (46° à 51°)\207. 48° RI SNF.jpeg"
inf-0211;"Infanterie\13. Infanterie métro (46° à 51°)\208. 48° RI DRB.jpeg"
inf-0212;"Infanterie\13. Infanterie métro (46° à 51°)\209. 48° RI DP.jpeg"
inf-0213;"Infanterie\13. Infanterie métro (46° à 51°)\210. 49° RI AB.jpeg"
inf-0214;"Infanterie\13. Infanterie métro (46° à 51°)\211. 49° RI Courtois.jpeg"
inf-0215;"Infanterie\13. Infanterie métro (46° à 51°)\212. 49° BI DP.jpeg"
inf-0216;"Infanterie\13. Infanterie métro (46° à 51°)\213. 49° RI - 1° BMEO Augis.jpeg"
inf-0217;"Infanterie\13. Infanterie métro (46° à 51°)\214. 49° RI - 1° BMEO Artisanale.jpeg"
inf-0218;"Infanterie\13. Infanterie métro (46° à 51°)\215. 50° RI SNF.jpeg"
inf-0219;"Infanterie\13. Infanterie métro (46° à 51°)\216. 50° RI ABPD.jpeg"
inf-0220;"Infanterie\13. Infanterie métro (46° à 51°)\217. 50° RI ABPD.jpeg"
inf-0221;"Infanterie\13. Infanterie métro (46° à 51°)\218. 50° RI DP.jpeg"
inf-0222;"Infanterie\13. Infanterie métro (46° à 51°)\219. 51° RI SNF.png"
inf-0223;"Infanterie\13. Infanterie métro (46° à 51°)\220. 51° RI ABPD.jpeg"
inf-0224;"Infanterie\13. Infanterie métro (46° à 51°)\221. 51° BI SNF.jpeg"
inf-0225;"Infanterie\14. Infanterie métro (51° à 57° RI)\222. 51° RI CDAC 3° DI ABPD.png"
inf-0226;"Infanterie\14. Infanterie métro (51° à 57° RI)\223. 51° RI AB.png"
inf-0227;"Infanterie\14. Infanterie métro (51° à 57° RI)\224. 51° RI DRB.jpeg"
inf-0228;"Infanterie\14. Infanterie métro (51° à 57° RI)\225. 51° RI DP.jpeg"
inf-0229;"Infanterie\14. Infanterie métro (51° à 57° RI)\226. 51° RI DP Argent.jpeg"
inf-0230;"Infanterie\14. Infanterie métro (51° à 57° RI)\227. 51° RI AB.jpeg"
inf-0231;"Infanterie\14. Infanterie métro (51° à 57° RI)\228. 51° RI SNF.jpeg"
inf-0232;"Infanterie\14. Infanterie métro (51° à 57° RI)\229. 54° RI SNF.jpeg"
inf-0233;"Infanterie\14. Infanterie métro (51° à 57° RI)\230. SF Escault SNF.jpeg"
inf-0234;"Infanterie\14. Infanterie métro (51° à 57° RI)\231. 55° RIA FD.png"
inf-0235;"Infanterie\14. Infanterie métro (51° à 57° RI)\232. 56° RI AB.jpeg"
inf-0236;"Infanterie\14. Infanterie métro (51° à 57° RI)\233. 57° RI DRB.jpeg"
inf-0237;"Infanterie\14. Infanterie métro (51° à 57° RI)\234. 57° RI DRB Argent.jpeg"
inf-0238;"Infanterie\14. Infanterie métro (51° à 57° RI)\235. 57° RI ABPD.jpeg"
inf-0239;"Infanterie\14. Infanterie métro (51° à 57° RI)\236. 57° RI DP.jpeg"
inf-0240;"Infanterie\14. Infanterie métro (51° à 57° RI)\237. 57° RI DP.jpeg"
inf-0241;"Infanterie\15. Infanterie métro (60° à 67° RI)\238. 60° RI DRB.jpeg"
inf-0242;"Infanterie\15. Infanterie métro (60° à 67° RI)\239. 60° RI 3° Bon AB.jpeg"
inf-0243;"Infanterie\15. Infanterie métro (60° à 67° RI)\240. 60° RI Fourragère.jpeg"
inf-0244;"Infanterie\15. Infanterie métro (60° à 67° RI)\241. 60° RI DP.jpeg"
inf-0245;"Infanterie\15. Infanterie métro (60° à 67° RI)\242. 60° RI DP.jpeg"
inf-0246;"Infanterie\15. Infanterie métro (60° à 67° RI)\243. 60° RI DP Argent.jpeg"
inf-0247;"Infanterie\15. Infanterie métro (60° à 67° RI)\244. 60° RI AB Argent.jpeg"
inf-0248;"Infanterie\15. Infanterie métro (60° à 67° RI)\245. 62° RI DRB.jpeg"
inf-0249;"Infanterie\15. Infanterie métro (60° à 67° RI)\246. 65° RI DRB.jpeg"
inf-0250;"Infanterie\15. Infanterie métro (60° à 67° RI)\247. 65° RI SNF.jpeg"
inf-0251;"Infanterie\15. Infanterie métro (60° à 67° RI)\248. 65° RI Augis.jpeg"
inf-0252;"Infanterie\15. Infanterie métro (60° à 67° RI)\249. 65° RI DRB.jpeg"
inf-0253;"Infanterie\15. Infanterie métro (60° à 67° RI)\250. 65° RI SNF.jpeg"
inf-0254;"Infanterie\15. Infanterie métro (60° à 67° RI)\251. 65° RI DRB.jpeg"
inf-0255;"Infanterie\15. Infanterie métro (60° à 67° RI)\252. 65° RI DP.jpeg"
inf-0256;"Infanterie\15. Infanterie métro (60° à 67° RI)\253. 65° RI Art. EO.png"
inf-0257;"Infanterie\15. Infanterie métro (60° à 67° RI)\254. 66° RI SNF.jpeg"
inf-0258;"Infanterie\15. Infanterie métro (60° à 67° RI)\255. 66° RI DP.jpeg"
inf-0259;"Infanterie\15. Infanterie métro (60° à 67° RI)\256. 67° RI AB.jpeg"
inf-0260;"Infanterie\15. Infanterie métro (60° à 67° RI)\257. 67° RI SNF.jpeg"
inf-0261;"Infanterie\16. Infanterie métro (67° à 71°)\258. 67° BI DP.jpeg"
inf-0262;"Infanterie\16. Infanterie métro (67° à 71°)\259. 67° BIP OFSI.jpeg"
inf-0263;"Infanterie\16. Infanterie métro (67° à 71°)\260. 67° BIP SNF.jpeg"
inf-0264;"Infanterie\16. Infanterie métro (67° à 71°)\261. 67° BIP DP.jpeg"
inf-0265;"Infanterie\16. Infanterie métro (67° à 71°)\262. 67° RI DP Argent.jpeg"
inf-0266;"Infanterie\16. Infanterie métro (67° à 71°)\263. 67° RI DP.jpeg"
inf-0267;"Infanterie\16. Infanterie métro (67° à 71°)\264. 67° RI AB.jpeg"
inf-0268;"Infanterie\16. Infanterie métro (67° à 71°)\265. 68° RIF F. Demey.jpeg"
inf-0269;"Infanterie\16. Infanterie métro (67° à 71°)\266. 69° RI SNF.jpeg"
inf-0270;"Infanterie\16. Infanterie métro (67° à 71°)\267. 69° RI Katz.jpeg"
inf-0271;"Infanterie\16. Infanterie métro (67° à 71°)\268. 69° RI ABPD.png"
inf-0272;"Infanterie\16. Infanterie métro (67° à 71°)\269. 69° RI SNF.png"
inf-0273;"Infanterie\16. Infanterie métro (67° à 71°)\270. 70° RIF AB.jpeg"
inf-0274;"Infanterie\16. Infanterie métro (67° à 71°)\271. 70° RI DP.jpeg"
inf-0275;"Infanterie\16. Infanterie métro (67° à 71°)\272. 71° RI Rateau.png"
inf-0276;"Infanterie\16. Infanterie métro (67° à 71°)\273. 71° RI Rateau.jpeg"
inf-0277;"Infanterie\17. Infanterie métro (71° à 76°)\274. 71° RI Mourgeon.jpeg"
inf-0278;"Infanterie\17. Infanterie métro (71° à 76°)\275. 71° RI DP.jpeg"
inf-0279;"Infanterie\17. Infanterie métro (71° à 76°)\276. 71° RI DP.png"
inf-0280;"Infanterie\17. Infanterie métro (71° à 76°)\277. 71° RI DP.png"
inf-0281;"Infanterie\17. Infanterie métro (71° à 76°)\278. 71° RI DP Argent.png"
inf-0282;"Infanterie\17. Infanterie métro (71° à 76°)\279. 71° RI DP.jpeg"
inf-0283;"Infanterie\17. Infanterie métro (71° à 76°)\280. 71° RI DRB.jpeg"
inf-0284;"Infanterie\17. Infanterie métro (71° à 76°)\281. 71° RI SNF.jpeg"
inf-0285;"Infanterie\17. Infanterie métro (71° à 76°)\282. 71° RI DRR.jpeg"
inf-0286;"Infanterie\17. Infanterie métro (71° à 76°)\283. 73° RI SNF.jpeg"
inf-0287;"Infanterie\17. Infanterie métro (71° à 76°)\284. 74° RI DP.png"
inf-0288;"Infanterie\17. Infanterie métro (71° à 76°)\285. 74° RI Andor.png"
inf-0289;"Infanterie\17. Infanterie métro (71° à 76°)\286. 75° RI AB.jpeg"
inf-0290;"Infanterie\17. Infanterie métro (71° à 76°)\287. 76° RI Amas.jpeg"
inf-0291;"Infanterie\17. Infanterie métro (71° à 76°)\288. 76° RI DP.jpeg"
inf-0292;"Infanterie\17. Infanterie métro (71° à 76°)\635. 72° RI SNF.jpeg"
inf-0293;"Infanterie\18. Infanterie métro (77° RI à 81° RIA)\289. 77° RI (Jeannot).jpeg"
inf-0294;"Infanterie\18. Infanterie métro (77° RI à 81° RIA)\290. 77° RID DP.jpeg"
inf-0295;"Infanterie\18. Infanterie métro (77° RI à 81° RIA)\291. 78° RI Augis.png"
inf-0296;"Infanterie\18. Infanterie métro (77° RI à 81° RIA)\292. 79° RIF (AB).jpeg"
inf-0297;"Infanterie\18. Infanterie métro (77° RI à 81° RIA)\293. 79° RI DP.jpeg"
inf-0298;"Infanterie\18. Infanterie métro (77° RI à 81° RIA)\294. 80° RI DP.jpeg"
inf-0299;"Infanterie\18. Infanterie métro (77° RI à 81° RIA)\295. 80° RIA SNF.jpeg"
inf-0300;"Infanterie\18. Infanterie métro (77° RI à 81° RIA)\296. 80° RIA ABPD.png"
inf-0301;"Infanterie\18. Infanterie métro (77° RI à 81° RIA)\297. 80° RIA DP.png"
inf-0302;"Infanterie\18. Infanterie métro (77° RI à 81° RIA)\298. 81° RIA ABPD.jpeg"
inf-0303;"Infanterie\18. Infanterie métro (77° RI à 81° RIA)\299. 81° RIA DP Argent.png"
inf-0304;"Infanterie\18. Infanterie métro (77° RI à 81° RIA)\300. 81° RIA DP.jpeg"
inf-0305;"Infanterie\18. Infanterie métro (77° RI à 81° RIA)\301. 81° RIA DP.jpeg"
inf-0306;"Infanterie\18. Infanterie métro (77° RI à 81° RIA)\302. 81° RIA SES ABPD.jpeg"
inf-0307;"Infanterie\18. Infanterie métro (77° RI à 81° RIA)\303. 81° RI SNF.jpeg"
inf-0308;"Infanterie\18. Infanterie métro (77° RI à 81° RIA)\304. 81° RI DP.jpeg"
inf-0309;"Infanterie\19. Infanterie métro (82° à 91° RI)\305. 82° RI (au verso).jpeg"
inf-0310;"Infanterie\19. Infanterie métro (82° à 91° RI)\306. 82° RI DRB.jpeg"
inf-0311;"Infanterie\19. Infanterie métro (82° à 91° RI)\307. 84° RI LR.png"
inf-0312;"Infanterie\19. Infanterie métro (82° à 91° RI)\308. 85° RI DRB.jpeg"
inf-0313;"Infanterie\19. Infanterie métro (82° à 91° RI)\309. 86° RI DP.jpeg"
inf-0314;"Infanterie\19. Infanterie métro (82° à 91° RI)\310. 87° RIF DRB.png"
inf-0315;"Infanterie\19. Infanterie métro (82° à 91° RI)\311. 87° RIF DRB.png"
inf-0316;"Infanterie\19. Infanterie métro (82° à 91° RI)\312. 88° RI AB.jpeg"
inf-0317;"Infanterie\19. Infanterie métro (82° à 91° RI)\313. 89° RI SNF.jpeg"
inf-0318;"Infanterie\19. Infanterie métro (82° à 91° RI)\314. 90° RI DP.jpeg"
inf-0319;"Infanterie\19. Infanterie métro (82° à 91° RI)\315. 90° RI DP Argent.png"
inf-0320;"Infanterie\19. Infanterie métro (82° à 91° RI)\316. 91° RI SNF.jpeg"
inf-0321;"Infanterie\19. Infanterie métro (82° à 91° RI)\317. 91° RI SNF.jpeg"
inf-0322;"Infanterie\19. Infanterie métro (82° à 91° RI)\318. 91° RI SNF.jpeg"
inf-0323;"Infanterie\19. Infanterie métro (82° à 91° RI)\319. 91° RI ABPD.jpeg"
inf-0324;"Infanterie\19. Infanterie métro (82° à 91° RI)\320. 91° RI ABPD.jpeg"
inf-0325;"Infanterie\19. Infanterie métro (82° à 91° RI)\321. 91° RI DP Argent.jpeg"
inf-0326;"Infanterie\19. Infanterie métro (82° à 91° RI)\322. 91° RI DP.jpeg"
inf-0327;"Infanterie\20. Infanterie métro (92° à 94° RI) V1\323. 92° RI (AB).jpeg"
inf-0328;"Infanterie\20. Infanterie métro (92° à 94° RI) V1\324. 92° RI ABPD.jpeg"
inf-0329;"Infanterie\20. Infanterie métro (92° à 94° RI) V1\325. 92° RI DRB.jpeg"
inf-0330;"Infanterie\20. Infanterie métro (92° à 94° RI) V1\326. 92° RI DRB doré.jpeg"
inf-0331;"Infanterie\20. Infanterie métro (92° à 94° RI) V1\327. 92° RI DRB doré peint.jpeg"
inf-0332;"Infanterie\20. Infanterie métro (92° à 94° RI) V1\328. 93° RI SNF.jpeg"
inf-0333;"Infanterie\20. Infanterie métro (92° à 94° RI) V1\329. 93° RI Arémail.jpeg"
inf-0334;"Infanterie\20. Infanterie métro (92° à 94° RI) V1\330. 93° RI DRB Argent.png"
inf-0335;"Infanterie\20. Infanterie métro (92° à 94° RI) V1\331. 93° RI DP.jpeg"
inf-0336;"Infanterie\20. Infanterie métro (92° à 94° RI) V1\332. 93° RI 1° Bon 5° Cie FD.jpeg"
inf-0337;"Infanterie\20. Infanterie métro (92° à 94° RI) V1\333. 94° RI Chobillon.jpeg"
inf-0338;"Infanterie\20. Infanterie métro (92° à 94° RI) V1\334. 94° RI SNF doré.jpeg"
inf-0339;"Infanterie\20. Infanterie métro (92° à 94° RI) V1\335. 94° RI DP.jpeg"
inf-0340;"Infanterie\20. Infanterie métro (92° à 94° RI) V1\336. 94° RI DP doré.jpeg"
inf-0341;"Infanterie\20. Infanterie métro (92° à 94° RI) V1\337. 94° RI DP Argent.jpeg"
inf-0342;"Infanterie\20. Infanterie métro (92° à 94° RI) V1\338. 94° RI DP.jpeg"
inf-0343;"Infanterie\20. Infanterie métro (92° à 94° RI) V1\339. 94° RI DP Argent.jpeg"
inf-0344;"Infanterie\20. Infanterie métro (92° à 94° RI) V1\340. 94° RI DP.jpeg"
inf-0345;"Infanterie\20. Infanterie métro (92° à 94° RI) V1\341. 94° RI DP Argent.png"
inf-0346;"Infanterie\20. Infanterie métro (92° à 94° RI) V1\640. 92° RI DP Arg.jpeg"
inf-0347;"Infanterie\21. Infanterie métro (94° à 99° RII)\342. 94° RI DP Argent.jpeg"
inf-0348;"Infanterie\21. Infanterie métro (94° à 99° RII)\343. 94° RI DP.jpeg"
inf-0349;"Infanterie\21. Infanterie métro (94° à 99° RII)\344. 94° RI DP.png"
inf-0350;"Infanterie\21. Infanterie métro (94° à 99° RII)\345. 94° RI Delsart.jpeg"
inf-0351;"Infanterie\21. Infanterie métro (94° à 99° RII)\346. 94° RI Delsart Argent.jpeg"
inf-0352;"Infanterie\21. Infanterie métro (94° à 99° RII)\347. 94° RI Delsart Argent.jpeg"
inf-0353;"Infanterie\21. Infanterie métro (94° à 99° RII)\348. 95° RI ABPD.jpeg"
inf-0354;"Infanterie\21. Infanterie métro (94° à 99° RII)\349. 95° RI DP.jpeg"
inf-0355;"Infanterie\21. Infanterie métro (94° à 99° RII)\350. 96° RIA AB.jpeg"
inf-0356;"Infanterie\21. Infanterie métro (94° à 99° RII)\351. 97° RIA Augis.jpeg"
inf-0357;"Infanterie\21. Infanterie métro (94° à 99° RII)\352. 97° RIA Augis.jpeg"
inf-0358;"Infanterie\21. Infanterie métro (94° à 99° RII)\353. 98° RI AB.jpeg"
inf-0359;"Infanterie\21. Infanterie métro (94° à 99° RII)\354. 99° RIA (Augis).jpeg"
inf-0360;"Infanterie\21. Infanterie métro (94° à 99° RII)\355. 99° RIA AB.jpeg"
inf-0361;"Infanterie\21. Infanterie métro (94° à 99° RII)\356. 99° RIA ABPD.jpeg"
inf-0362;"Infanterie\21. Infanterie métro (94° à 99° RII)\357. 99° RIA 17° CA ABPD.png"
inf-0363;"Infanterie\21. Infanterie métro (94° à 99° RII)\358. 99° RIA DP.jpeg"
inf-0364;"Infanterie\21. Infanterie métro (94° à 99° RII)\359. 99° BIA DP Argent.jpeg"
inf-0365;"Infanterie\21. Infanterie métro (94° à 99° RII)\360. 99° BIA DOM.jpeg"
inf-0366;"Infanterie\21. Infanterie métro (94° à 99° RII)\361. 99° BI DP.jpeg"
inf-0367;"Infanterie\22. Infanterie métro (99° à 108° RIA)\362. 99° RIA SES AB.jpeg"
inf-0368;"Infanterie\22. Infanterie métro (99° à 108° RIA)\363. 99° RIA SES SNF.jpeg"
inf-0369;"Infanterie\22. Infanterie métro (99° à 108° RIA)\364. 99° RIA 1° Bon SES DOM.jpeg"
inf-0370;"Infanterie\22. Infanterie métro (99° à 108° RIA)\365. 99° RIA 2° Bon SES Augis.jpeg"
inf-0371;"Infanterie\22. Infanterie métro (99° à 108° RIA)\366. 99° RI DP.jpeg"
inf-0372;"Infanterie\22. Infanterie métro (99° à 108° RIA)\367. 100° RI AB.jpeg"
inf-0373;"Infanterie\22. Infanterie métro (99° à 108° RIA)\368. 101° RI AB.jpeg"
inf-0374;"Infanterie\22. Infanterie métro (99° à 108° RIA)\369. 103° RI AB.jpeg"
inf-0375;"Infanterie\22. Infanterie métro (99° à 108° RIA)\370. 104° RI SNF.jpeg"
inf-0376;"Infanterie\22. Infanterie métro (99° à 108° RIA)\371. 105° RI AB.png"
inf-0377;"Infanterie\22. Infanterie métro (99° à 108° RIA)\372. 106° RI SNF.jpeg"
inf-0378;"Infanterie\22. Infanterie métro (99° à 108° RIA)\373. 106° RI SNF.jpeg"
inf-0379;"Infanterie\22. Infanterie métro (99° à 108° RIA)\374. 106° RI SNF.jpeg"
inf-0380;"Infanterie\22. Infanterie métro (99° à 108° RIA)\375. 107° RI ABPD.jpeg"
inf-0381;"Infanterie\22. Infanterie métro (99° à 108° RIA)\376. 107° BI DP.jpeg"
inf-0382;"Infanterie\22. Infanterie métro (99° à 108° RIA)\377. 108° RIA Pin.jpeg"
inf-0383;"Infanterie\23. Infanterie métro (108° à 110° RI)\378. 108° RI Courtois.jpeg"
inf-0384;"Infanterie\23. Infanterie métro (108° à 110° RI)\379. 109° RI AB.png"
inf-0385;"Infanterie\23. Infanterie métro (108° à 110° RI)\380. 110° RI Chobillon.jpeg"
inf-0386;"Infanterie\23. Infanterie métro (108° à 110° RI)\381. 110° RI Chobillon.png"
inf-0387;"Infanterie\23. Infanterie métro (108° à 110° RI)\382. 110° RI Drago déposé.jpeg"
inf-0388;"Infanterie\23. Infanterie métro (108° à 110° RI)\383. 110° RI Drago.jpeg"
inf-0389;"Infanterie\23. Infanterie métro (108° à 110° RI)\384. 110° RI Arts et Insignes.jpeg"
inf-0390;"Infanterie\23. Infanterie métro (108° à 110° RI)\385. 110° RI Mardini.jpeg"
inf-0391;"Infanterie\23. Infanterie métro (108° à 110° RI)\386. 110° RI Andor.jpeg"
inf-0392;"Infanterie\23. Infanterie métro (108° à 110° RI)\387. 110° RI DRB.png"
inf-0393;"Infanterie\23. Infanterie métro (108° à 110° RI)\388. 110° RIC DOM.jpeg"
inf-0394;"Infanterie\23. Infanterie métro (108° à 110° RI)\389. 110° RI DRR Argent.jpeg"
inf-0395;"Infanterie\23. Infanterie métro (108° à 110° RI)\390. 110° RI DP.jpeg"
inf-0396;"Infanterie\23. Infanterie métro (108° à 110° RI)\391. 110° RI SNF.jpeg"
inf-0397;"Infanterie\23. Infanterie métro (108° à 110° RI)\392. 110° RI Allemagne.jpeg"
inf-0398;"Infanterie\23. Infanterie métro (108° à 110° RI)\393. 110° RI Artisanale EO.png"
inf-0399;"Infanterie\24. Infanterie métro (112° à 120° RI) bis\394. 112° RIA DRB.png"
inf-0400;"Infanterie\24. Infanterie métro (112° à 120° RI) bis\395. 114° RI DRB.jpeg"
inf-0401;"Infanterie\24. Infanterie métro (112° à 120° RI) bis\396. 115° RI FD.jpeg"
inf-0402;"Infanterie\24. Infanterie métro (112° à 120° RI) bis\397. 115° RI CF Chobillon.jpeg"
inf-0403;"Infanterie\24. Infanterie métro (112° à 120° RI) bis\398. 116° RI SNF.jpeg"
inf-0404;"Infanterie\24. Infanterie métro (112° à 120° RI) bis\399. 117° BI DP.png"
inf-0405;"Infanterie\24. Infanterie métro (112° à 120° RI) bis\400. 117° RI DP.png"
inf-0406;"Infanterie\24. Infanterie métro (112° à 120° RI) bis\401. 117° RI DP Argent.jpeg"
inf-0407;"Infanterie\24. Infanterie métro (112° à 120° RI) bis\402. 117° RI DP.png"
inf-0408;"Infanterie\24. Infanterie métro (112° à 120° RI) bis\403. 117° RI DP Argent.png"
inf-0409;"Infanterie\24. Infanterie métro (112° à 120° RI) bis\404. 117° RI AB.png"
inf-0410;"Infanterie\24. Infanterie métro (112° à 120° RI) bis\405. 118° RI DRB.jpeg"
inf-0411;"Infanterie\24. Infanterie métro (112° à 120° RI) bis\406. 119° RI SNF.jpeg"
inf-0412;"Infanterie\24. Infanterie métro (112° à 120° RI) bis\407. 120° RI ABPD.jpeg"
inf-0413;"Infanterie\24. Infanterie métro (112° à 120° RI) bis\637. 118° RI émaillé DP.jpeg"
inf-0414;"Infanterie\24. Infanterie métro (112° à 120° RI) bis\642. 113° RI SNF Réduction.jpeg"
inf-0415;"Infanterie\25. Infanterie métro (121° à 128° RI)\408. 121° RI AB.jpeg"
inf-0416;"Infanterie\25. Infanterie métro (121° à 128° RI)\409. 121° RI DP.png"
inf-0417;"Infanterie\25. Infanterie métro (121° à 128° RI)\410. 121° RI DP Argent.jpeg"
inf-0418;"Infanterie\25. Infanterie métro (121° à 128° RI)\411. 121° RI DP.jpeg"
inf-0419;"Infanterie\25. Infanterie métro (121° à 128° RI)\412. 122° RI ABPD.jpeg"
inf-0420;"Infanterie\25. Infanterie métro (121° à 128° RI)\413. 123° RI SNF.jpeg"
inf-0421;"Infanterie\25. Infanterie métro (121° à 128° RI)\414. 125° RI FD.png"
inf-0422;"Infanterie\25. Infanterie métro (121° à 128° RI)\415. 126° RI ABPD.png"
inf-0423;"Infanterie\25. Infanterie métro (121° à 128° RI)\416. 126° RI ABPD.jpeg"
inf-0424;"Infanterie\25. Infanterie métro (121° à 128° RI)\417. 126° RI DP Argent.jpeg"
inf-0425;"Infanterie\25. Infanterie métro (121° à 128° RI)\418. 126° RI DP.jpeg"
inf-0426;"Infanterie\25. Infanterie métro (121° à 128° RI)\419. 126° RI DOM.jpeg"
inf-0427;"Infanterie\25. Infanterie métro (121° à 128° RI)\420. 126° RI DP Argent.jpeg"
inf-0428;"Infanterie\25. Infanterie métro (121° à 128° RI)\421. 126° RI DP.jpeg"
inf-0429;"Infanterie\25. Infanterie métro (121° à 128° RI)\422. 128° RIF DRB.jpeg"
inf-0430;"Infanterie\25. Infanterie métro (121° à 128° RI)\423. 128° BI DP.jpeg"
inf-0431;"Infanterie\26. Infanterie métro (129° à 134° RI)\424. 129° RI SNF.jpeg"
inf-0432;"Infanterie\26. Infanterie métro (129° à 134° RI)\425. 129° RI SNF.jpeg"
inf-0433;"Infanterie\26. Infanterie métro (129° à 134° RI)\426. 129° RI ABPD.jpeg"
inf-0434;"Infanterie\26. Infanterie métro (129° à 134° RI)\427. 129° RI AB.jpeg"
inf-0435;"Infanterie\26. Infanterie métro (129° à 134° RI)\428. 129° RIM SNF.jpeg"
inf-0436;"Infanterie\26. Infanterie métro (129° à 134° RI)\429. 129° RI DP Argent.jpeg"
inf-0437;"Infanterie\26. Infanterie métro (129° à 134° RI)\430. 129° RI DP.jpeg"
inf-0438;"Infanterie\26. Infanterie métro (129° à 134° RI)\431. 129° RI SNF.jpeg"
inf-0439;"Infanterie\26. Infanterie métro (129° à 134° RI)\432. 130° RI SNF.jpeg"
inf-0440;"Infanterie\26. Infanterie métro (129° à 134° RI)\433. 130° RI FD.png"
inf-0441;"Infanterie\26. Infanterie métro (129° à 134° RI)\434. 131° RI ABPD.jpeg"
inf-0442;"Infanterie\26. Infanterie métro (129° à 134° RI)\435. 131° RI SNF.jpeg"
inf-0443;"Infanterie\26. Infanterie métro (129° à 134° RI)\436. 131° RI SNF.jpeg"
inf-0444;"Infanterie\26. Infanterie métro (129° à 134° RI)\437. 131° RI DP.jpeg"
inf-0445;"Infanterie\26. Infanterie métro (129° à 134° RI)\438. 132° RIF DRB.jpeg"
inf-0446;"Infanterie\26. Infanterie métro (129° à 134° RI)\439. 134° RI Chobillon.jpeg"
inf-0447;"Infanterie\27. Infanterie métro (134° à 143° RI)\440. 134° RI DRB.jpeg"
inf-0448;"Infanterie\27. Infanterie métro (134° à 143° RI)\441. 134° RI DRB.jpeg"
inf-0449;"Infanterie\27. Infanterie métro (134° à 143° RI)\442. 134° BI DP N°.jpeg"
inf-0450;"Infanterie\27. Infanterie métro (134° à 143° RI)\443. 136° RIF ABPD.jpeg"
inf-0451;"Infanterie\27. Infanterie métro (134° à 143° RI)\444. 137° RI ABPD.jpeg"
inf-0452;"Infanterie\27. Infanterie métro (134° à 143° RI)\445. 137° RI DP.jpeg"
inf-0453;"Infanterie\27. Infanterie métro (134° à 143° RI)\446. 137° RI 2° Bon AB.jpeg"
inf-0454;"Infanterie\27. Infanterie métro (134° à 143° RI)\447. 140° RIA Augis.jpeg"
inf-0455;"Infanterie\27. Infanterie métro (134° à 143° RI)\448. 141° RIA DRB Argent.jpeg"
inf-0456;"Infanterie\27. Infanterie métro (134° à 143° RI)\449. 141° RIA DRB.jpeg"
inf-0457;"Infanterie\27. Infanterie métro (134° à 143° RI)\450. 141° RIA 3° Bon ABPD.jpeg"
inf-0458;"Infanterie\27. Infanterie métro (134° à 143° RI)\451.141° RIA AB.jpeg"
inf-0459;"Infanterie\27. Infanterie métro (134° à 143° RI)\452. 141° RIA SNF.jpeg"
inf-0460;"Infanterie\27. Infanterie métro (134° à 143° RI)\453. 141° RIA SES SNF.jpeg"
inf-0461;"Infanterie\27. Infanterie métro (134° à 143° RI)\454. 142° RI DP.jpeg"
inf-0462;"Infanterie\27. Infanterie métro (134° à 143° RI)\455. 143° RI AB.jpeg"
inf-0463;"Infanterie\28. Infanterie métro (143° à 150° RI)\456. 143° RI GF SNF.jpeg"
inf-0464;"Infanterie\28. Infanterie métro (143° à 150° RI)\457. 144° RI DP.jpeg"
inf-0465;"Infanterie\28. Infanterie métro (143° à 150° RI)\458. 146° RI ABPD.jpeg"
inf-0466;"Infanterie\28. Infanterie métro (143° à 150° RI)\459. 146° RI SNF.jpeg"
inf-0467;"Infanterie\28. Infanterie métro (143° à 150° RI)\460. 146° RI AB.jpeg"
inf-0468;"Infanterie\28. Infanterie métro (143° à 150° RI)\461. 146° RI AB.jpeg"
inf-0469;"Infanterie\28. Infanterie métro (143° à 150° RI)\462. 146° RI DP.jpeg"
inf-0470;"Infanterie\28. Infanterie métro (143° à 150° RI)\463. 147° RI ABPD.jpeg"
inf-0471;"Infanterie\28. Infanterie métro (143° à 150° RI)\464. 149° RI SNF.jpeg"
inf-0472;"Infanterie\28. Infanterie métro (143° à 150° RI)\465. 149° RIF Lauginie.jpeg"
inf-0473;"Infanterie\28. Infanterie métro (143° à 150° RI)\466. 149° RIF SNF.jpeg"
inf-0474;"Infanterie\28. Infanterie métro (143° à 150° RI)\467. 149° RIF Lauginie.jpeg"
inf-0475;"Infanterie\28. Infanterie métro (143° à 150° RI)\468. 149° RIF Lauginie.jpeg"
inf-0476;"Infanterie\28. Infanterie métro (143° à 150° RI)\469. 149° RI FFI SNF.jpeg"
inf-0477;"Infanterie\28. Infanterie métro (143° à 150° RI)\470. 149°_349° RI SNF.jpeg"
inf-0478;"Infanterie\28. Infanterie métro (143° à 150° RI)\471. 150° RI SNF.jpeg"
inf-0479;"Infanterie\29. Infanterie métro (150° à 151° RI)\472. 150° RI ABPD.png"
inf-0480;"Infanterie\29. Infanterie métro (150° à 151° RI)\473. 150° RI ABPD.png"
inf-0481;"Infanterie\29. Infanterie métro (150° à 151° RI)\474. 150° RIM DP.png"
inf-0482;"Infanterie\29. Infanterie métro (150° à 151° RI)\475. 150° RIM Arémail.png"
inf-0483;"Infanterie\29. Infanterie métro (150° à 151° RI)\476. 150° RI DP.png"
inf-0484;"Infanterie\29. Infanterie métro (150° à 151° RI)\477. 150° RI DRB.png"
inf-0485;"Infanterie\29. Infanterie métro (150° à 151° RI)\478. 150° RI DRB.png"
inf-0486;"Infanterie\29. Infanterie métro (150° à 151° RI)\479. 150° BI SNF.png"
inf-0487;"Infanterie\29. Infanterie métro (150° à 151° RI)\480. 150° BI DP.png"
inf-0488;"Infanterie\29. Infanterie métro (150° à 151° RI)\481. 150° BI Locale.png"
inf-0489;"Infanterie\29. Infanterie métro (150° à 151° RI)\482. 151° RI ABPD.jpeg"
inf-0490;"Infanterie\29. Infanterie métro (150° à 151° RI)\483. 151° RI SNF.png"
inf-0491;"Infanterie\29. Infanterie métro (150° à 151° RI)\484. 151° RI SNF.png"
inf-0492;"Infanterie\29. Infanterie métro (150° à 151° RI)\485. 151° RI AB.png"
inf-0493;"Infanterie\29. Infanterie métro (150° à 151° RI)\486. 151° RI DRB Argent.png"
inf-0494;"Infanterie\29. Infanterie métro (150° à 151° RI)\487. 151° RI DP.png"
inf-0495;"Infanterie\29. Infanterie métro (150° à 151° RI)\488. 151° RI Mardini.jpeg"
inf-0496;"Infanterie\29. Infanterie métro (150° à 151° RI)\489. 151° RI CDAC 42° RI ABPD.jpeg"
inf-0497;"Infanterie\30. Infanterie métro (151° à 153° RI)\490. 151° RI BMEO DRB Argent.jpeg"
inf-0498;"Infanterie\30. Infanterie métro (151° à 153° RI)\491. 151° RI BMEO DOM.jpeg"
inf-0499;"Infanterie\30. Infanterie métro (151° à 153° RI)\492. 151° RI BMEO Locale EO.png"
inf-0500;"Infanterie\30. Infanterie métro (151° à 153° RI)\493. 152° RI SNF.jpeg"
inf-0501;"Infanterie\30. Infanterie métro (151° à 153° RI)\494. 152° RI SNF.jpeg"
inf-0502;"Infanterie\30. Infanterie métro (151° à 153° RI)\495. 152° RI DP.jpeg"
inf-0503;"Infanterie\30. Infanterie métro (151° à 153° RI)\496. 152° RI Augis.jpeg"
inf-0504;"Infanterie\30. Infanterie métro (151° à 153° RI)\497. 152° RI Augis.jpeg"
inf-0505;"Infanterie\30. Infanterie métro (151° à 153° RI)\498. 152° RI SNF.jpeg"
inf-0506;"Infanterie\30. Infanterie métro (151° à 153° RI)\499. 152° RI DP.png"
inf-0507;"Infanterie\30. Infanterie métro (151° à 153° RI)\500. 152° RI AB.png"
inf-0508;"Infanterie\30. Infanterie métro (151° à 153° RI)\501. 152° RI Prevo.jpeg"
inf-0509;"Infanterie\30. Infanterie métro (151° à 153° RI)\502. 153° RI ABPD.jpeg"
inf-0510;"Infanterie\30. Infanterie métro (151° à 153° RI)\503. 153° RI.jpeg"
inf-0511;"Infanterie\30. Infanterie métro (151° à 153° RI)\504. 153° RIA DRB.jpeg"
inf-0512;"Infanterie\30. Infanterie métro (151° à 153° RI)\507. 153° RI DP.jpeg"
inf-0513;"Infanterie\31 bis. Infanterie métro (153° RIA à BF ONU)\505. 153° RIA SES SNF N°.png"
inf-0514;"Infanterie\31 bis. Infanterie métro (153° RIA à BF ONU)\506. 153° RIA SES DPN.png"
inf-0515;"Infanterie\31 bis. Infanterie métro (153° RIA à BF ONU)\508. 154° RIF SNF.jpeg"
inf-0516;"Infanterie\31 bis. Infanterie métro (153° RIA à BF ONU)\509. 155° RIF ABPD.jpeg"
inf-0517;"Infanterie\31 bis. Infanterie métro (153° RIA à BF ONU)\510. 155° RIF ABPD.jpeg"
inf-0518;"Infanterie\31 bis. Infanterie métro (153° RIA à BF ONU)\511. 156° RI SNF.png"
inf-0519;"Infanterie\31 bis. Infanterie métro (153° RIA à BF ONU)\512. BF ONU AB.png"
inf-0520;"Infanterie\31 bis. Infanterie métro (153° RIA à BF ONU)\513. BF ONU N°.png"
inf-0521;"Infanterie\31 bis. Infanterie métro (153° RIA à BF ONU)\514. BF ONU AB Argent N°.png"
inf-0522;"Infanterie\31 bis. Infanterie métro (153° RIA à BF ONU)\515. BF ONU OFSI.jpeg"
inf-0523;"Infanterie\31 bis. Infanterie métro (153° RIA à BF ONU)\516. BF ONU Locale.png"
inf-0524;"Infanterie\31 bis. Infanterie métro (153° RIA à BF ONU)\517. BF ONU AB.jpeg"
inf-0525;"Infanterie\31 bis. Infanterie métro (153° RIA à BF ONU)\518. BF ONU DOM.jpeg"
inf-0526;"Infanterie\31 bis. Infanterie métro (153° RIA à BF ONU)\519. BF ONU DOM.jpeg"
inf-0527;"Infanterie\32. Infanterie métro (158° à 159° RIA)\520. 158° RI (Isler).jpeg"
inf-0528;"Infanterie\32. Infanterie métro (158° à 159° RIA)\521. 158° RI (Isler).jpeg"
inf-0529;"Infanterie\32. Infanterie métro (158° à 159° RIA)\522. 158° RI (Isler).jpeg"
inf-0530;"Infanterie\32. Infanterie métro (158° à 159° RIA)\523. 158° RI SNF.jpeg"
inf-0531;"Infanterie\32. Infanterie métro (158° à 159° RIA)\524. 158° RI SNF.jpeg"
inf-0532;"Infanterie\32. Infanterie métro (158° à 159° RIA)\525. 158° RI DP.jpeg"
inf-0533;"Infanterie\32. Infanterie métro (158° à 159° RIA)\526. 158° RI CDAC ABPD.png"
inf-0534;"Infanterie\32. Infanterie métro (158° à 159° RIA)\527. 159° RIA SNF.jpeg"
inf-0535;"Infanterie\32. Infanterie métro (158° à 159° RIA)\528. 159° RIA ABPD.png"
inf-0536;"Infanterie\32. Infanterie métro (158° à 159° RIA)\530. 159° RIA ABPD.png"
inf-0537;"Infanterie\32. Infanterie métro (158° à 159° RIA)\531. 159° RIA ABPD.jpeg"
inf-0538;"Infanterie\32. Infanterie métro (158° à 159° RIA)\532. 159° RIA DP.jpeg"
inf-0539;"Infanterie\32. Infanterie métro (158° à 159° RIA)\533. 159° RIA 18° Cie ABPD.jpeg"
inf-0540;"Infanterie\32. Infanterie métro (158° à 159° RIA)\534. 159° RIA SES SNF.jpeg"
inf-0541;"Infanterie\32. Infanterie métro (158° à 159° RIA)\535. 159° RIA SES DP.png"
inf-0542;"Infanterie\32. Infanterie métro (158° à 159° RIA)\634. SES 159° RIA (_)529. Amicale 159-359° RIA.jpeg"
inf-0543;"Infanterie\33. Infanterie métro (159° RIA à 168° RI)\536. 159° RIA 5° Cie AB.png"
inf-0544;"Infanterie\33. Infanterie métro (159° RIA à 168° RI)\537. 161° RIF (AB).jpeg"
inf-0545;"Infanterie\33. Infanterie métro (159° RIA à 168° RI)\538. 162° RIF ABPD.jpeg"
inf-0546;"Infanterie\33. Infanterie métro (159° RIA à 168° RI)\539. 164° RI DP.jpeg"
inf-0547;"Infanterie\33. Infanterie métro (159° RIA à 168° RI)\540. 164° RI DP.jpeg"
inf-0548;"Infanterie\33. Infanterie métro (159° RIA à 168° RI)\541. 164° RI DP.jpeg"
inf-0549;"Infanterie\33. Infanterie métro (159° RIA à 168° RI)\542. 164° RI AB.png"
inf-0550;"Infanterie\33. Infanterie métro (159° RIA à 168° RI)\543. 165° RIF Planchot.jpeg"
inf-0551;"Infanterie\33. Infanterie métro (159° RIA à 168° RI)\544. 168° RI SNF.jpeg"
inf-0552;"Infanterie\33. Infanterie métro (159° RIA à 168° RI)\545. 168° RI SNF.jpeg"
inf-0553;"Infanterie\33. Infanterie métro (159° RIA à 168° RI)\546. 168° RI SNF.jpeg"
inf-0554;"Infanterie\33. Infanterie métro (159° RIA à 168° RI)\547. 168° RI Bayer.jpeg"
inf-0555;"Infanterie\33. Infanterie métro (159° RIA à 168° RI)\548. 168° RI SNF.jpeg"
inf-0556;"Infanterie\33. Infanterie métro (159° RIA à 168° RI)\549. 168° RI SNF.jpeg"
inf-0557;"Infanterie\33. Infanterie métro (159° RIA à 168° RI)\550. 168° RI SNF.jpeg"
inf-0558;"Infanterie\34. Infanterie métro (168° RI à  173° RI)\551. 168° RI SNF.jpeg"
inf-0559;"Infanterie\34. Infanterie métro (168° RI à  173° RI)\552. 168° RI SNF.jpeg"
inf-0560;"Infanterie\34. Infanterie métro (168° RI à  173° RI)\553. 168° RI SNF.png"
inf-0561;"Infanterie\34. Infanterie métro (168° RI à  173° RI)\554. 168° RI SNF.png"
inf-0562;"Infanterie\34. Infanterie métro (168° RI à  173° RI)\555. 168° RI SNF.png"
inf-0563;"Infanterie\34. Infanterie métro (168° RI à  173° RI)\556. 168° RIF ABPD.jpeg"
inf-0564;"Infanterie\34. Infanterie métro (168° RI à  173° RI)\557. 169° RI SNF.jpeg"
inf-0565;"Infanterie\34. Infanterie métro (168° RI à  173° RI)\558. 170° RI SNF.png"
inf-0566;"Infanterie\34. Infanterie métro (168° RI à  173° RI)\559. 170° RI SNF.jpeg"
inf-0567;"Infanterie\34. Infanterie métro (168° RI à  173° RI)\560. 170° RI DP.jpeg"
inf-0568;"Infanterie\34. Infanterie métro (168° RI à  173° RI)\561. 171° RIF ABPD.jpeg"
inf-0569;"Infanterie\34. Infanterie métro (168° RI à  173° RI)\562. 172° RIF SNF.png"
inf-0570;"Infanterie\34. Infanterie métro (168° RI à  173° RI)\563. 172° RIF SNF.jpeg"
inf-0571;"Infanterie\34. Infanterie métro (168° RI à  173° RI)\564. 172° RIF 21° BI Mourgeon.jpeg"
inf-0572;"Infanterie\34. Infanterie métro (168° RI à  173° RI)\565. 172° RI DP.jpeg"
inf-0573;"Infanterie\34. Infanterie métro (168° RI à  173° RI)\566. 173° BAC DRB.png"
inf-0574;"Infanterie\34. Infanterie métro (168° RI à  173° RI)\567. 173° RI DP.jpeg"
inf-0575;"Infanterie\34. Infanterie métro (168° RI à  173° RI)\568. 173° RS DP.jpeg"
inf-0576;"Infanterie\35. Infanterie métro (173° RIA à 226° BI)\569. 173° RIA 2° Bon SNF.jpeg"
inf-0577;"Infanterie\35. Infanterie métro (173° RIA à 226° BI)\570. 173° RIA 3° Bon.jpeg"
inf-0578;"Infanterie\35. Infanterie métro (173° RIA à 226° BI)\571. 201° RI Mellerio.jpeg"
inf-0579;"Infanterie\35. Infanterie métro (173° RIA à 226° BI)\572. IV_ 203° RI DRB.jpeg"
inf-0580;"Infanterie\35. Infanterie métro (173° RIA à 226° BI)\573. 204° RI DRB.jpeg"
inf-0581;"Infanterie\35. Infanterie métro (173° RIA à 226° BI)\574. 204° RI SNF.jpeg"
inf-0582;"Infanterie\35. Infanterie métro (173° RIA à 226° BI)\575. 205° RI SNF.jpeg"
inf-0583;"Infanterie\35. Infanterie métro (173° RIA à 226° BI)\576. 205° RI SNF.jpeg"
inf-0584;"Infanterie\35. Infanterie métro (173° RIA à 226° BI)\577. 208° RI G. Moret.jpeg"
inf-0585;"Infanterie\35. Infanterie métro (173° RIA à 226° BI)\578. 214° BI DP.jpeg"
inf-0586;"Infanterie\35. Infanterie métro (173° RIA à 226° BI)\579. 215° RI AB.jpeg"
inf-0587;"Infanterie\35. Infanterie métro (173° RIA à 226° BI)\580. 224° RI SNF.jpeg"
inf-0588;"Infanterie\35. Infanterie métro (173° RIA à 226° BI)\581.226° RI Augis.jpeg"
inf-0589;"Infanterie\35. Infanterie métro (173° RIA à 226° BI)\582. 226° BI DP Argent.jpeg"
inf-0590;"Infanterie\36. Infanterie métro (226° BI à 260° RI)\583. 226° BI DP.jpeg"
inf-0591;"Infanterie\36. Infanterie métro (226° BI à 260° RI)\584. 227° RI Jeannot.png"
inf-0592;"Infanterie\36. Infanterie métro (226° BI à 260° RI)\585. 235° RI SNF.jpeg"
inf-0593;"Infanterie\36. Infanterie métro (226° BI à 260° RI)\586. 237° RI F. Demey.png"
inf-0594;"Infanterie\36. Infanterie métro (226° BI à 260° RI)\587. 238° RI Augis.jpeg"
inf-0595;"Infanterie\36. Infanterie métro (226° BI à 260° RI)\588.239° RI G. Moret.png"
inf-0596;"Infanterie\36. Infanterie métro (226° BI à 260° RI)\589. 239° RI G. Moret.jpeg"
inf-0597;"Infanterie\36. Infanterie métro (226° BI à 260° RI)\590. 239° RI G. Moret.jpeg"
inf-0598;"Infanterie\36. Infanterie métro (226° BI à 260° RI)\591. 239° RI 2° Bon SNF.jpeg"
inf-0599;"Infanterie\36. Infanterie métro (226° BI à 260° RI)\592. 239° RI 3° Bon Moret.jpeg"
inf-0600;"Infanterie\36. Infanterie métro (226° BI à 260° RI)\593. 241° RI ABPD.jpeg"
inf-0601;"Infanterie\36. Infanterie métro (226° BI à 260° RI)\594. 246° RI Planchot.jpeg"
inf-0602;"Infanterie\36. Infanterie métro (226° BI à 260° RI)\595. 246° RI SNF.png"
inf-0603;"Infanterie\36. Infanterie métro (226° BI à 260° RI)\596. 248° RI ABPD.jpeg"
inf-0604;"Infanterie\36. Infanterie métro (226° BI à 260° RI)\597. 250° RI AB.png"
inf-0605;"Infanterie\36. Infanterie métro (226° BI à 260° RI)\598. 260° RI SNF.jpeg"
inf-0606;"Infanterie\37. Infanterie métro (265° à 306° RI)\599. 265° RI ABPD.png"
inf-0607;"Infanterie\37. Infanterie métro (265° à 306° RI)\600. 271° RI ABP.jpeg"
inf-0608;"Infanterie\37. Infanterie métro (265° à 306° RI)\601. 271° RI AB.jpeg"
inf-0609;"Infanterie\37. Infanterie métro (265° à 306° RI)\602. 279° RI AB.png"
inf-0610;"Infanterie\37. Infanterie métro (265° à 306° RI)\603. 281° RI Augis.jpeg"
inf-0611;"Infanterie\37. Infanterie métro (265° à 306° RI)\604. 294° RI Chobillon.jpeg"
inf-0612;"Infanterie\37. Infanterie métro (265° à 306° RI)\605. 294° BI DP.jpeg"
inf-0613;"Infanterie\37. Infanterie métro (265° à 306° RI)\606. 294° BI DP Argent.jpeg"
inf-0614;"Infanterie\37. Infanterie métro (265° à 306° RI)\607. 295° RI AB.jpeg"
inf-0615;"Infanterie\37. Infanterie métro (265° à 306° RI)\608. 298° RI Augis.jpeg"
inf-0616;"Infanterie\37. Infanterie métro (265° à 306° RI)\609. 299° RI SNF.jpeg"
inf-0617;"Infanterie\37. Infanterie métro (265° à 306° RI)\610. 299° RI SNF.jpeg"
inf-0618;"Infanterie\37. Infanterie métro (265° à 306° RI)\611. 302° RI SNF.jpeg"
inf-0619;"Infanterie\37. Infanterie métro (265° à 306° RI)\612. 306° RI SNF.jpeg"
inf-0620;"Infanterie\37. Infanterie métro (265° à 306° RI)\613. 306° RI SNF.jpeg"
inf-0621;"Infanterie\37. Infanterie métro (265° à 306° RI)\614. 306° RI SNF.jpeg"
inf-0622;"Infanterie\37. Infanterie métro (265° à 306° RI)\615. 306° RI SNF.jpeg"
inf-0623;"Infanterie\38. Infanterie métro (310° RI à CEF)\616. 310° RI F. Demey.jpeg"
inf-0624;"Infanterie\38. Infanterie métro (310° RI à CEF)\617. 310° RI 5° BDL Aubert.jpeg"
inf-0625;"Infanterie\38. Infanterie métro (310° RI à CEF)\618. 317° RI SNF.jpeg"
inf-0626;"Infanterie\38. Infanterie métro (310° RI à CEF)\619. 321° RI Augis.jpeg"
inf-0627;"Infanterie\38. Infanterie métro (310° RI à CEF)\620. 323° RI SNF.jpeg"
inf-0628;"Infanterie\38. Infanterie métro (310° RI à CEF)\621. 329° RI Moret.jpeg"
inf-0629;"Infanterie\38. Infanterie métro (310° RI à CEF)\622. 329° RI 4° Bon Aubert.jpeg"
inf-0630;"Infanterie\38. Infanterie métro (310° RI à CEF)\623. 330° RI ABPD.jpeg"
inf-0631;"Infanterie\38. Infanterie métro (310° RI à CEF)\624. 331° RI ABPD.jpeg"
inf-0632;"Infanterie\38. Infanterie métro (310° RI à CEF)\625. 341° RI F. Demey.jpeg"
inf-0633;"Infanterie\38. Infanterie métro (310° RI à CEF)\626. 341° RI 3° Bon F. Demey.jpeg"
inf-0634;"Infanterie\38. Infanterie métro (310° RI à CEF)\627. 348° RI SNF.jpeg"
inf-0635;"Infanterie\38. Infanterie métro (310° RI à CEF)\628. 371° RI SNF.jpeg"
inf-0636;"Infanterie\38. Infanterie métro (310° RI à CEF)\629. 371° RI Mourgeon.jpeg"
inf-0637;"Infanterie\38. Infanterie métro (310° RI à CEF)\630. 248° RI V° Bon (_)DRB.jpeg"
inf-0638;"Infanterie\38. Infanterie métro (310° RI à CEF)\631. 239° RI AnciensChobillon.jpeg"
inf-0639;"Infanterie\39. Infanterie métro (compléments)\638. 128° BI DP Argent.jpeg"
inf-0640;"Infanterie\39. Infanterie métro (compléments)\639. 81° RI DP Argent.jpeg"
inf-0641;"Infanterie\39. Infanterie métro (compléments)\640. 92 RI DP Argent - (moustache courte).jpeg"
inf-0642;"Infanterie\39. Infanterie métro (compléments)\641. 137° RI Argent - (artisanale Levant).jpeg"
inf-div-0001;"Infanterie divers\Infanterie Divers\001. 29° RR DRB.jpeg"
inf-div-0002;"Infanterie divers\Infanterie Divers\002. 60° BR DRB.jpeg"
inf-div-0003;"Infanterie divers\Infanterie Divers\003. 68° DP Bogner.jpeg"
inf-div-0004;"Infanterie divers\Infanterie Divers\004. 68° RR Bogner.jpeg"
inf-div-0005;"Infanterie divers\Infanterie Divers\005. 77° RR FD.jpeg"
inf-div-0006;"Infanterie divers\Infanterie Divers\006. 81° RR Augis.jpeg"
inf-div-0007;"Infanterie divers\Infanterie Divers\007. 142° RR 2° Bon SNF.jpeg"
inf-div-0008;"Infanterie divers\Infanterie Divers\008. 157° RR SNF.jpeg"
inf-div-0009;"Infanterie divers\Infanterie Divers\009. 201° RRP FD.jpeg"
inf-div-0010;"Infanterie divers\Infanterie Divers\010. 213° RR ABPD.jpeg"
inf-div-0011;"Infanterie divers\Infanterie Divers\011. 222° RRT F. Hebert.jpeg"
inf-div-0012;"Infanterie divers\Infanterie Divers\012. 511° BR SNF.jpeg"
inf-div-0013;"Infanterie divers\Infanterie Divers\013. 2° BM SNF.jpeg"
inf-div-0014;"Infanterie divers\Infanterie Divers\014. 9° BMM DRB.jpeg"
inf-div-0015;"Infanterie divers\Infanterie Divers\015. 53° BMM SNF.jpeg"
inf-div-0016;"Infanterie divers\Infanterie Divers\016. 58° BMM DRB.jpeg"
leg-0001;"Légion\23. Unités Génie Légion\336. 61_21° CGL DOM Argent - (N° 341_C).jpeg"
leg-0002;"Légion\23. Unités Génie Légion\337. 61_21° CGL DP - (N° 341_C).jpeg"
leg-0003;"Légion\23. Unités Génie Légion\338. 61_21° CGL ABP - (N° 341_B).jpeg"
leg-0004;"Légion\23. Unités Génie Légion\339. 71_21° CGL DOM Argent - (N° 342).jpeg"
leg-0005;"Légion\23. Unités Génie Légion\340. 71_21° CGL DOM - (N° 342).jpeg"
leg-0006;"Légion\23. Unités Génie Légion\341. 71_21° CGL DRB (1 sur grenade) - (N° 342).jpeg"
leg-0007;"Légion\23. Unités Génie Légion\342. 71_21° CGL DOM - (N° 343).jpeg"
leg-0008;"Légion\23. Unités Génie Légion\343. 72_21° CGL DP - (N° 345_A).jpeg"
leg-0009;"Légion\23. Unités Génie Légion\344. 73_21° CGL DRR - (No 346).jpeg"
leg-0010;"Légion\23. Unités Génie Légion\345. 74_2° CGL DOM - (N° 347).jpeg"
leg-0011;"Légion\23. Unités Génie Légion\346. 74_2° CGL Locale - (N° 346).jpeg"
leg-0012;"Légion\23. Unités Génie Légion\347. 74_2° CGL Artisanale (_) - Non répertorié.jpeg"
leg-0013;"Légion\1. Commandement\001. ITLE DRB - (N° 101).jpeg"
leg-0014;"Légion\1. Commandement\002. DCLE AB - (N° 109).jpeg"
leg-0015;"Légion\1. Commandement\003. CPLE DOM - (N° 374).jpeg"
leg-0016;"Légion\1. Commandement\004. CPLE SNF - (N° 374).jpeg"
leg-0017;"Légion\1. Commandement\005. Dépôt Sathonay SNF(N° 378).jpeg"
leg-0018;"Légion\1. Commandement\006. CDLE EO DOM(N° 373).jpeg"
leg-0019;"Légion\1. Commandement\007. CDLE EO DPN - (N° 373).jpeg"
leg-0020;"Légion\1. Commandement\008. CDLE EO AB(N° 373).jpeg"
leg-0021;"Légion\1. Commandement\009. DT Saïgon Artisanale EO(N° 375).jpeg"
leg-0022;"Légion\1. Commandement\010. GM 4 DOM - (N° 377).jpeg"
leg-0023;"Légion\1. Commandement\011. BA 3° DIC Art. EO - (N° 376).jpeg"
leg-0024;"Légion\1. Commandement\012. BLEM DP - (N° 115).jpeg"
leg-0025;"Légion\1. Commandement\013. DLEM DP - (N° 112).jpeg"
leg-0026;"Légion\1. Commandement\014. DLEC AB - (N° 113).jpeg"
leg-0027;"Légion\1. Commandement\015. 3° BMLE AB (N° 116).jpeg"
leg-0028;"Légion\1. Commandement\405. CPLE DRB Argent - N° 374).jpeg"
leg-0029;"Légion\2. Commandement\016. 1° CTE (Bichay) - (N° 385).jpeg"
leg-0030;"Légion\2. Commandement\017. GAE 2 K. und Q. - (N° 118).jpeg"
leg-0031;"Légion\2. Commandement\018. GAE 3 DP - (N° 119).jpeg"
leg-0032;"Légion\2. Commandement\019. GAE 4 Mardini - (N° 120).jpeg"
leg-0033;"Légion\2. Commandement\020. GAE 4 Artisanale - (non répertorié).jpeg"
leg-0034;"Légion\2. Commandement\021. Légion étrangère du CEF SNF - (N° 259).jpeg"
leg-0035;"Légion\2. Commandement\399. L'Indomptable ABPD - (N° 411_A).jpeg"
leg-0036;"Légion\2. Commandement\400. Le Légionnaire (AB) - (N° 412_C).jpeg"
leg-0037;"Légion\2. Commandement\401. Son Tay SNF - (N° 413).jpeg"
leg-0038;"Légion\2. Commandement\402. DSM_TOA SNF - (non répertorié).jpeg"
leg-0039;"Légion\3. 1° REI\28° 1° REI 1° BM DOM Argent.jpeg"
leg-0040;"Légion\3. 1° REI\022. 1° RE Publidéal - (N° 108).jpeg"
leg-0041;"Légion\3. 1° REI\023. 1° RE Publidéal - (N° 108).jpeg"
leg-0042;"Légion\3. 1° REI\024. 1° RE DP - (N° 108).jpeg"
leg-0043;"Légion\3. 1° REI\025. GALE (récit N° 30) DP - (N° 108).jpeg"
leg-0044;"Légion\3. 1° REI\026. 1° REI DOM Argent (N° 128).jpeg"
leg-0045;"Légion\3. 1° REI\027. 1° REI DP - (N° 128).jpeg"
leg-0046;"Légion\3. 1° REI\029. 1° BM 1° REI DOM (N° 129).jpeg"
leg-0047;"Légion\3. 1° REI\030. 10° Cie mixte 1° REI (D) - (N° 130_A).jpeg"
leg-0048;"Légion\3. 1° REI\031. 10° Cie mixte 1° REI DRB - (N° 130_B).jpeg"
leg-0049;"Légion\3. 1° REI\032. 4° Bon 1° REI DRB - (N° 131).jpeg"
leg-0050;"Légion\3. 1° REI\033. 4° Bon 1° REI DRB - (N° 131).jpeg"
leg-0051;"Légion\3. 1° REI\034. CM 1° REI Chobillon - (N° 132_A).jpeg"
leg-0052;"Légion\3. 1° REI\035. CM 1° REI DPN - (N° 132_B).jpeg"
leg-0053;"Légion\3. 1° REI\036. Cie auto 1° REI ABPD (N° 133).jpeg"
leg-0054;"Légion\3. 1° REI\037. CSP 1° REI SNF - (N° 134).jpeg"
leg-0055;"Légion\3. 1° REI\038. 1° CSP 1° Etranger SNF(N° 135).jpeg"
leg-0056;"Légion\4. 2° REI\039. 2° REI DP Argent - (N° 136).jpeg"
leg-0057;"Légion\4. 2° REI\040. 2° REI Balme - (N° 136).jpeg"
leg-0058;"Légion\4. 2° REI\041. 2° REI Andor Argent - (N° 136).jpeg"
leg-0059;"Légion\4. 2° REI\042. 2° REI 1° Cie Fraisse - (N° 137).jpeg"
leg-0060;"Légion\4. 2° REI\043. 2° REI 5° Cie LR - (N° 154).jpeg"
leg-0061;"Légion\4. 2° REI\044. 2° REI 7° Cie DP - (N° 156).jpeg"
leg-0062;"Légion\4. 2° REI\045. 2° REI 5° CTGP DP (R) (N° 157).jpeg"
leg-0063;"Légion\4. 2° REI\046. 2° REI EO DRB - (158_A).jpeg"
leg-0064;"Légion\4. 2° REI\047. 2° REI EO Art. (N° 158_B).jpeg"
leg-0065;"Légion\4. 2° REI\048. 2° REI EO Art. (N° 158_B).jpeg"
leg-0066;"Légion\4. 2° REI\049. 2° REI EO Art. (N° 158_B).jpeg"
leg-0067;"Légion\4. 2° REI\050. 2° REI EO DOM (N° 158_C).jpeg"
leg-0068;"Légion\4. 2° REI\051. 2° REI EO Argent.jpeg"
leg-0069;"Légion\4. 2° REI\052. 2° REI EO Locale (N° 158_C).jpeg"
leg-0070;"Légion\4. 2° REI\053. RMLE EO AB - (N° 161_A).jpeg"
leg-0071;"Légion\4. 2° REI\054. RMLE EO DP - (N° 161_C).jpeg"
leg-0072;"Légion\4. 2° REI\055. 2° REI TB DOM - (N° 159).jpeg"
leg-0073;"Légion\4. 2° REI\056. 2° REI TB DOM Argent - (N° 159).jpeg"
leg-0074;"Légion\5. 2° REI\057. 257° CSM DOM - (N° 160).jpeg"
leg-0075;"Légion\5. 2° REI\058. 2° REI 4° CMP DRB - (N° 162).jpeg"
leg-0076;"Légion\5. 2° REI\059. 2° REI 2° Bon ABPD - (N° 163).jpeg"
leg-0077;"Légion\5. 2° REI\060. 2° REI Cie montée ABPD - (N° 164_B).jpeg"
leg-0078;"Légion\5. 2° REI\061. 2° REI Cie montée ABPD - (164_A).jpeg"
leg-0079;"Légion\5. 2° REI\062. 2° REI Cie montée (Augis) - (164_C).jpeg"
leg-0080;"Légion\5. 2° REI\063. 2° REI SNF - (N° 389).jpeg"
leg-0081;"Légion\5. 2° REI\064. 2° REI SNF Algérie - (N° 391_A).jpeg"
leg-0082;"Légion\5. 2° REI\065. 2° REI Artisanale Tchad - (N° 391_B).jpeg"
leg-0083;"Légion\6. 3° REI\066. 3° REI peint DRB (N° 185).jpeg"
leg-0084;"Légion\6. 3° REI\067. 3° REI Locale EO (N° 185).jpeg"
leg-0085;"Légion\6. 3° REI\068. 1° Bon 3° REI (N° 183).jpeg"
leg-0086;"Légion\6. 3° REI\069. I_ 3° REI Augis (N° 184_B).jpeg"
leg-0087;"Légion\6. 3° REI\070. Cie montée 3° REI AB (N° 200).jpeg"
leg-0088;"Légion\6. 3° REI\071. Cie montée 3° REI ABPD (N° 182_B).jpeg"
leg-0089;"Légion\6. 3° REI\072. Cie montée 3° REI AB (N° 182_A).jpeg"
leg-0090;"Légion\6. 3° REI\073. RMLE Augis (N° 181).jpeg"
leg-0091;"Légion\6. 3° REI\074. RMLE Augis (N° 181).jpeg"
leg-0092;"Légion\6. 3° REI\075. RMLE Augis (N° 181).jpeg"
leg-0093;"Légion\6. 3° REI\076. 3° REI Augis (N° 180_A).jpeg"
leg-0094;"Légion\6. 3° REI\077. 3° REI Augis (N° 180_A).jpeg"
leg-0095;"Légion\6. 3° REI\078. 3° REI Augis (N° 165_B).jpeg"
leg-0096;"Légion\6. 3° REI\079. 3° REI Locale (N° 165_B).jpeg"
leg-0097;"Légion\6. 3° REI\080. 3° REI Augis (N° 165_B).jpeg"
leg-0098;"Légion\6. 3° REI\081. 3° REI DP (N° 165_D).jpeg"
leg-0099;"Légion\6. 3° REI\082. 3° REI AB (N° 165_D).jpeg"
leg-0100;"Légion\6. 3° REI\083. 3° REI Locale (N° 165_D).jpeg"
leg-0101;"Légion\6. 3° REI\084. 3° REI Locale (N° 165_D).jpeg"
leg-0102;"Légion\7. 3° REI\085. 3° REI OFSI - (N° 165_D).jpeg"
leg-0103;"Légion\7. 3° REI\086. 3° REI EO DRB - (N° 176_A).jpeg"
leg-0104;"Légion\7. 3° REI\087. 3° REI EO Locale - (N° 176_B).jpeg"
leg-0105;"Légion\7. 3° REI\088. 2° BGVN DOM - (N° 179).jpeg"
leg-0106;"Légion\7. 3° REI\089. 3° REI EO DOM Argent (N° 175_A).jpeg"
leg-0107;"Légion\7. 3° REI\090. 3° REI EO DOM - (N° 175_A).jpeg"
leg-0108;"Légion\7. 3° REI\091. 3° REI EO LocaleNon répertorié.jpeg"
leg-0109;"Légion\7. 3° REI\092. 3° REI EO Art. - (N° 175_B).jpeg"
leg-0110;"Légion\7. 3° REI\093. 3° REI EO Art. - (N° 175_B).jpeg"
leg-0111;"Légion\7. 3° REI\094. 7_3° REI Art. - (N° 173_A).jpeg"
leg-0112;"Légion\7. 3° REI\095. 7_3° REI DOM - (N° 173_B).jpeg"
leg-0113;"Légion\7. 3° REI\096. V_3° REI Argent - (N° 177).jpeg"
leg-0114;"Légion\7. 3° REI\097. V_3° REI DOM - (N° 177).jpeg"
leg-0115;"Légion\7. 3° REI\098. V_3° REI Locale - (N° 177).jpeg"
leg-0116;"Légion\7. 3° REI\099. 5° Cie 3° REI DP - (N° 171).jpeg"
leg-0117;"Légion\7. 3° REI\100. 6° Cie 3° REI DOM Argent (N° 172_A).jpeg"
leg-0118;"Légion\7. 3° REI\101. 6° Cie 3° REI DOM - Matriculé 321 (N° 172_A).jpeg"
leg-0119;"Légion\7. 3° REI\102. 6° Cie 3° REI Artisanale Matriculé 180 (N° 172_B).jpeg"
leg-0120;"Légion\7. 3° REI\103. 8° Cie 3° REI DPN - Matriculé 15 (N° 174).jpeg"
leg-0121;"Légion\7. 3° REI\104. TD 76 DRR (N°178_A).jpeg"
leg-0122;"Légion\7. 3° REI\105. TD 76 Locale (N° 178_A).jpeg"
leg-0123;"Légion\7. 3° REI\106. TD 76 DP (N° 178_B).jpeg"
leg-0124;"Légion\8. 4° REI\107. 4°REI DRB Emaillé - (N° 206_A).jpeg"
leg-0125;"Légion\8. 4° REI\108. 4° REI DRB - (N° 186_A).jpeg"
leg-0126;"Légion\8. 4° REI\109. 4° REI DP - (N° 186_A).jpeg"
leg-0127;"Légion\8. 4° REI\110. 4°REI Courtois - (N° 186_B).jpeg"
leg-0128;"Légion\8. 4° REI\111. 4°REI Vélite Argent - (N° 196).jpeg"
leg-0129;"Légion\8. 4° REI\112. 4° REI Vélite DP - Matriculé 107 (N° 196).jpeg"
leg-0130;"Légion\8. 4° REI\113. 4° REI Artisanale EO - (N° 186_D).jpeg"
leg-0131;"Légion\8. 4° REI\114. 4° REI 3° Cie DP - (N° 207).jpeg"
leg-0132;"Légion\8. 4° REI\115. 2° Bon 4° REI DRB (N° 208_A).jpeg"
leg-0133;"Légion\8. 4° REI\116. 2° Bon 4° REI DRB (N° 208_D).jpeg"
leg-0134;"Légion\8. 4° REI\117. 3° Cie 4° REI (AB) (N° 210).jpeg"
leg-0135;"Légion\8. 4° REI\118. CMA 4°REI - ABPD (N° 209_A).jpeg"
leg-0136;"Légion\8. 4° REI\119. CMA 4° REI - ABPD (N° 209_B).jpeg"
leg-0137;"Légion\8. 4° REI\120. BM 4° DBLE DRB (N° 203_A).jpeg"
leg-0138;"Légion\8. 4° REI\121. 4° DBLE Vélite DRB (N° 205).jpeg"
leg-0139;"Légion\8. 4° REI\122. 4° DBLE Vélite SNF (N° 205).jpeg"
leg-0140;"Légion\8. 4° REI\123. 4° DBLE Vélite - DRB (N° 205).jpeg"
leg-0141;"Légion\8. 4° REI\124. PRLE 4° REI DOM (N° 201).jpeg"
leg-0142;"Légion\9. 4° REI\125. 2° Bon 4° DBLE Argent - DOM (N° 204).jpeg"
leg-0143;"Légion\9. 4° REI\126. 2° Bon 4° DBLE - DOM (N° 204).jpeg"
leg-0144;"Légion\9. 4° REI\127. 5° Bon 4° REI - DRB (N° 202).jpeg"
leg-0145;"Légion\9. 4° REI\128. 5° Bon 4° REI Argent - Artisanale (N° 202).jpeg"
leg-0146;"Légion\9. 4° REI\129. 1° CP 4° REI DP - (N° 187).jpeg"
leg-0147;"Légion\9. 4° REI\130. 1° CP 4° REI DP - (N° 187).jpeg"
leg-0148;"Légion\9. 4° REI\131. 2° CP 4° REI DP Argent - (N° 188).jpeg"
leg-0149;"Légion\9. 4° REI\132. 2° CP 4° REI DP - (N° 188).jpeg"
leg-0150;"Légion\9. 4° REI\133. 3° CP 4° REI DP - (N° 189).jpeg"
leg-0151;"Légion\9. 4° REI\134. 4° CP 4° REI DP Argent - (N° 197).jpeg"
leg-0152;"Légion\9. 4° REI\135. 4° CP 4° REI DP - (N° 197).jpeg"
leg-0153;"Légion\9. 4° REI\136. 5° CP 4°REI DP - (N° 191).jpeg"
leg-0154;"Légion\9. 4° REI\137. 6° CP 4° REI DP Argent - Noël 1961 (N° 198).jpeg"
leg-0155;"Légion\9. 4° REI\138. 6° CP 4° REI DP - (N° 198).jpeg"
leg-0156;"Légion\9. 4° REI\139. 6° CB 4° REI DP - (N° 190).jpeg"
leg-0157;"Légion\9. 4° REI\140. CR 4°REI DP - (N° 192_B).jpeg"
leg-0158;"Légion\9. 4° REI\141. 4° REI CP Kenhifra DOM (N° 199).jpeg"
leg-0159;"Légion\10. 5° REI\142. 5° REI - Artisanale (N° 225_A).jpeg"
leg-0160;"Légion\10. 5° REI\143. 1° Bon 5° REI - Nguyen Pho (N° 223_A).jpeg"
leg-0161;"Légion\10. 5° REI\144. 2° Bon 5° REI - Nguyen Pho (N° 221).jpeg"
leg-0162;"Légion\10. 5° REI\145. 4° Bon 5° REI - SNF (N° 222).jpeg"
leg-0163;"Légion\10. 5° REI\146. 4° Bon 5° REI - SNF (N° 222).jpeg"
leg-0164;"Légion\10. 5° REI\147. 5° REI DRB Argent - (N° 217_A).jpeg"
leg-0165;"Légion\10. 5° REI\148. 5° REI DRB - (N° 217_B).jpeg"
leg-0166;"Légion\10. 5° REI\149. 5°REI DRB - (N° 217_B).jpeg"
leg-0167;"Légion\10. 5° REI\150. 5° REI DOM - (N° 217_A).jpeg"
leg-0168;"Légion\10. 5° REI\151. 5°REI Artisanale - (N° 217_D - ).jpeg"
leg-0169;"Légion\10. 5° REI\152. 5° REI Locale - (N° 217_D).jpeg"
leg-0170;"Légion\10. 5° REI\153. 5° REI Locale - (N° 217_D).jpeg"
leg-0171;"Légion\10. 5° REI\154. 5° REI Locale - (N° 217_B).jpeg"
leg-0172;"Légion\10. 5° REI\155. 5°REI DP Argent - (N° 216_A).jpeg"
leg-0173;"Légion\10. 5° REI\156. 5° REI DP - (N° 216_A).jpeg"
leg-0174;"Légion\10. 5° REI\157. 5° REI DP - (N° 216_A).jpeg"
leg-0175;"Légion\10. 5° REI\158. 5° RMP DP - (N° 213).jpeg"
leg-0176;"Légion\11. 5° REI\159. TD 75 DRR Argent - (N° 218).jpeg"
leg-0177;"Légion\11. 5° REI\160. TD 75 DRR - (N° 218).jpeg"
leg-0178;"Légion\11. 5° REI\161. TD 75 DP - (N° 218).jpeg"
leg-0179;"Légion\12. 6° 11° 12° 21° 22° REI\162. 6° REI DRB - (N° 236_B).jpeg"
leg-0180;"Légion\12. 6° 11° 12° 21° 22° REI\163. 6° REI DRB - (N° 236_A).jpeg"
leg-0181;"Légion\12. 6° 11° 12° 21° 22° REI\164. 6° REI Artisanale - (N° 236_D).jpeg"
leg-0182;"Légion\12. 6° 11° 12° 21° 22° REI\165. 6° REI Artisanale - (N° 236_E).jpeg"
leg-0183;"Légion\12. 6° 11° 12° 21° 22° REI\166. 6° REI - Artisanale (N° 237_A).jpeg"
leg-0184;"Légion\12. 6° 11° 12° 21° 22° REI\167. 3° Bon 6°REI Artisanale (N° 238_A).jpeg"
leg-0185;"Légion\12. 6° 11° 12° 21° 22° REI\168. 3° Bon 6° REI Artisanale (N° 238_A).jpeg"
leg-0186;"Légion\12. 6° 11° 12° 21° 22° REI\169. Son Trans 6° REI - Artisanale (N° 239_A).jpeg"
leg-0187;"Légion\12. 6° 11° 12° 21° 22° REI\170. 1° BMVE - Artisanale (N° 383).jpeg"
leg-0188;"Légion\12. 6° 11° 12° 21° 22° REI\171. 11° REI DRB - (N° 379_A).jpeg"
leg-0189;"Légion\12. 6° 11° 12° 21° 22° REI\172. 11° REI DRB - (N° 379_A).jpeg"
leg-0190;"Légion\12. 6° 11° 12° 21° 22° REI\173. 11° REI DRB - (N° 379_B).jpeg"
leg-0191;"Légion\12. 6° 11° 12° 21° 22° REI\174. 12° REI Augis - (N° 380).jpeg"
leg-0192;"Légion\12. 6° 11° 12° 21° 22° REI\203. 21° RMVE - DRB (N° 381).jpeg"
leg-0193;"Légion\12. 6° 11° 12° 21° 22° REI\204. 21° RMVE - DRB (N° 381).jpeg"
leg-0194;"Légion\12. 6° 11° 12° 21° 22° REI\205. 21° RMVE - SNF (N°381).jpeg"
leg-0195;"Légion\12. 6° 11° 12° 21° 22° REI\206. 22° RMVE - ABPD (N° 382).jpeg"
leg-0196;"Légion\12. 6° 11° 12° 21° 22° REI\207. 22° RMVE - Artisanale (N° 382).jpeg"
leg-0197;"Légion\13. 13° DBLE\175. 13° DBLE ABPD.jpeg"
leg-0198;"Légion\13. 13° DBLE\176. 13° DBLE Artisanale.jpeg"
leg-0199;"Légion\13. 13° DBLE\177. 13° DBLE AB.jpeg"
leg-0200;"Légion\13. 13° DBLE\178. 13° DBLE OFSI.jpeg"
leg-0201;"Légion\13. 13° DBLE\179. 13° DBLE DP.jpeg"
leg-0202;"Légion\13. 13° DBLE\180. 13° DBLE ER DP.jpeg"
leg-0203;"Légion\13. 13° DBLE\181. 13° DBLE DP Argent.jpeg"
leg-0204;"Légion\13. 13° DBLE\182. 13° DBLE SNF - _ Joyeux Noël _.jpeg"
leg-0205;"Légion\13. 13° DBLE\182 bis. 13° DBLE - _ Joyeux Noël _.jpeg"
leg-0206;"Légion\13. 13° DBLE\183. 13° DBLE DOM.jpeg"
leg-0207;"Légion\13. 13° DBLE\184. 13° DBLE DRB.jpeg"
leg-0208;"Légion\13. 13° DBLE\185. 13° DBLE AB.jpeg"
leg-0209;"Légion\13. 13° DBLE\186. 13° DBLE Locale.jpeg"
leg-0210;"Légion\13. 13° DBLE\187. 13° DBLE Locale.jpeg"
leg-0211;"Légion\13. 13° DBLE\188. 13° DBLE - Artisanale.jpeg"
leg-0212;"Légion\13. 13° DBLE\189. 13° DBLE - Artisanale.jpeg"
leg-0213;"Légion\13. 13° DBLE\190. 13° DBLE - Artisanale.jpeg"
leg-0214;"Légion\13. 13° DBLE\191. 13° DBLE - Section Transport.jpeg"
leg-0215;"Légion\14. 13° DBLE\192. Commando 13 Artisanale (N° 257_A).jpeg"
leg-0216;"Légion\14. 13° DBLE\193. Commando 13 - Artisanale (N° 257_A).jpeg"
leg-0217;"Légion\14. 13° DBLE\194. TD 68 DRR - (N° 258).jpeg"
leg-0218;"Légion\14. 13° DBLE\195. Harka 8 DP - (N° 254).jpeg"
leg-0219;"Légion\14. 13° DBLE\196. 13° DBLE 1° Cie LR - Matriculé 192 (N° 242_A).jpeg"
leg-0220;"Légion\14. 13° DBLE\197. 13° DBLE 2° CT FIA - Matriculé 183 (N° 243_A).jpeg"
leg-0221;"Légion\14. 13° DBLE\198. 13° DBLE 3° Cie LR - Matriculé 047 (N° 244_A).jpeg"
leg-0222;"Légion\14. 13° DBLE\199. 13° DBLE 4° Cie - FIA (N° 245).jpeg"
leg-0223;"Légion\14. 13° DBLE\200. 13° DBLE Eon Reco LR - Argent Matriculé 049 (N° 253).jpeg"
leg-0224;"Légion\14. 13° DBLE\201. 13° DBLE CCAS AB - (N° 249_A).jpeg"
leg-0225;"Légion\14. 13° DBLE\202. 13° DBLE CCAS AB - (N° 249_B).jpeg"
leg-0226;"Légion\15. 1° REC\208. 1° REC ABP - (N° 264_B).jpeg"
leg-0227;"Légion\15. 1° REC\209. 1° REC ABP - (N° 264_B).jpeg"
leg-0228;"Légion\15. 1° REC\210. 1° REC DRB - (N° 264_D).jpeg"
leg-0229;"Légion\15. 1° REC\211. 1° REC DOM - Argent (N° 264_D).jpeg"
leg-0230;"Légion\15. 1° REC\212. 1° REC Locale - (N° 264_E).jpeg"
leg-0231;"Légion\15. 1° REC\213. 1°REC - Locale (N° 264_E).jpeg"
leg-0232;"Légion\15. 1° REC\214. 1° REC Locale (N° 264_E).jpeg"
leg-0233;"Légion\15. 1° REC\215. 1° REC Artisanale - 7 flammes (N° 400).jpeg"
leg-0234;"Légion\15. 1° REC\216. 1° REC Artisanale - 8 flammes (N° 400).jpeg"
leg-0235;"Légion\15. 1° REC\217. 1° REC Artisanale - 9 flammes (N° 400).jpeg"
leg-0236;"Légion\15. 1° REC\218. 1° REC 1° GA - Artisanale (N° 401).jpeg"
leg-0237;"Légion\15. 1° REC\219. 1° GA DP.jpeg"
leg-0238;"Légion\15. 1° REC\220. 1° GA Locale.jpeg"
leg-0239;"Légion\15. 1° REC\221. 1° GA DP.jpeg"
leg-0240;"Légion\15. 1° REC\222. 2° GA - DP (N° 280_A).jpeg"
leg-0241;"Légion\15. 1° REC\223. 2° GA - Locale (N° 280_A).jpeg"
leg-0242;"Légion\15. 1° REC\224. 2° GA - DP (N° 280_B)°.jpeg"
leg-0243;"Légion\15. 1° REC\227. 1° REC 7° Escadron - DOM (N° 283_A).jpeg"
leg-0244;"Légion\15. 1° REC\228. 1° REC 7° Eon Artisanale Argent Matriculé 043 (N° 283_B).jpeg"
leg-0245;"Légion\15. 1° REC\229. 1° REC 7° Eon Artisanale Mat. 08 (N° 283_B).jpeg"
leg-0246;"Légion\16. 1° 2° REC\231. Commando Le Laï Artisanale (N° 285).jpeg"
leg-0247;"Légion\16. 1° 2° REC\232. Commando Le Laï Artisanale (N° 285).jpeg"
leg-0248;"Légion\16. 1° 2° REC\233. 511° CSM Artisanale - (N° 287).jpeg"
leg-0249;"Légion\16. 1° 2° REC\234. Commando Gruebler DOM (N° 286).jpeg"
leg-0250;"Légion\16. 1° 2° REC\235. 1° Escadron DP - (N° 265).jpeg"
leg-0251;"Légion\16. 1° 2° REC\236. 2° Escadron AB - (N° 267).jpeg"
leg-0252;"Légion\16. 1° 2° REC\237. 3° Escadron SNF - (N° 268_A).jpeg"
leg-0253;"Légion\16. 1° 2° REC\238. 4° Escadron AB - (N° 269_A).jpeg"
leg-0254;"Légion\16. 1° 2° REC\239. 4° Escadron DP - (N° 269_B).jpeg"
leg-0255;"Légion\16. 1° 2° REC\240. 5° Escadron - AB (N° 288_C).jpeg"
leg-0256;"Légion\16. 1° 2° REC\241. 5° Escadron - DOM (N° 288_A).jpeg"
leg-0257;"Légion\16. 1° 2° REC\242. 5° Escadron - Xo (N° 288_B).jpeg"
leg-0258;"Légion\16. 1° 2° REC\243. 5° Escadron Quang (N° 288_B).jpeg"
leg-0259;"Légion\16. 1° 2° REC\244. 5° Escadron Art. Maroc (N° 288_B).jpeg"
leg-0260;"Légion\16. 1° 2° REC\245. 6° Escadron SNF - (N° 289_A).jpeg"
leg-0261;"Légion\16. 1° 2° REC\246. 97° GRDI Augis - (N° 290).jpeg"
leg-0262;"Légion\16. 1° 2° REC\247. Pilote d'élite AB - (N° 291).jpeg"
leg-0263;"Légion\16. 1° 2° REC\249. 2° REC AB (N° 293_A).jpeg"
leg-0264;"Légion\16. 1° 2° REC\250. 2° REC DRB (N° 293_A).jpeg"
leg-0265;"Légion\16. 1° 2° REC\251. 2° REC DRB Argent.jpeg"
leg-0266;"Légion\16. 1° 2° REC\252. 2° REC DRB Relief.jpeg"
leg-0267;"Légion\16. 1° 2° REC\253. 2° REC DP (N° 293_A).jpeg"
leg-0268;"Légion\17. Paras Légion\254. Cie para 3° REI DRB - (N° 315_A).jpeg"
leg-0269;"Légion\17. Paras Légion\255. Cie para 3° REI Locale - (N° 315_B).jpeg"
leg-0270;"Légion\17. Paras Légion\256. CERA (Arts et insignes) - (N° 310).jpeg"
leg-0271;"Légion\17. Paras Légion\257. 1° CEPML DRR - (N° 312_B).jpeg"
leg-0272;"Légion\17. Paras Légion\258. 1° BEP DRB - (N° 314_A).jpeg"
leg-0273;"Légion\17. Paras Légion\259. 1° BEP DRR Argent - (N° 314_A).jpeg"
leg-0274;"Légion\17. Paras Légion\260. 1° BEP DRR - (N° 314_A).jpeg"
leg-0275;"Légion\17. Paras Légion\261. 1° BEP DOM - (N° 314_A).jpeg"
leg-0276;"Légion\17. Paras Légion\262. 1° BEP Artisanale - (N° 314_B).jpeg"
leg-0277;"Légion\17. Paras Légion\263. 1° BEP Locale - (N° 314_A).jpeg"
leg-0278;"Légion\17. Paras Légion\264. 1° REP DP (dos lisse) - (N° 311).jpeg"
leg-0279;"Légion\17. Paras Légion\265. 1° REP SNF - (N° 311).jpeg"
leg-0280;"Légion\17. Paras Légion\266. 1° REP Courtois - (N° 311).jpeg"
leg-0281;"Légion\18. Paras Légion\267. 2° BEP DOM - (N° 295_B).jpeg"
leg-0282;"Légion\18. Paras Légion\268. 2° BEP AB - (N° 295_B).jpeg"
leg-0283;"Légion\18. Paras Légion\269. 2° BEP Locale - (N° 295_D).jpeg"
leg-0284;"Légion\18. Paras Légion\270. 2° BEP Locale - (N° 295_D).jpeg"
leg-0285;"Légion\18. Paras Légion\271. 2° REP DP - (N° 295_B).jpeg"
leg-0286;"Légion\18. Paras Légion\272. 2° REP OFSI - (N° 295_B).jpeg"
leg-0287;"Légion\18. Paras Légion\273. 2° REP DP - (N° 295_B).jpeg"
leg-0288;"Légion\18. Paras Légion\274. 2° REP Argent SNF - (N° 295_B).jpeg"
leg-0289;"Légion\18. Paras Légion\275. Cdo Leyion Artisanale - (N° 307).jpeg"
leg-0290;"Légion\18. Paras Légion\276. Cdo de Préville Artisanale - (N° 308).jpeg"
leg-0291;"Légion\18. Paras Légion\277. 2° REP 1° Cie DP (Matriculé 143) - (N° 296).jpeg"
leg-0292;"Légion\18. Paras Légion\278. 2° REP 3° Cie LR (Matriculé 178_1974) - (N° 300).jpeg"
leg-0293;"Légion\18. Paras Légion\279. 3° BEP DOM - (N° 309).jpeg"
leg-0294;"Légion\18. Paras Légion\280. 3° BEP Locale - (N° 309).jpeg"
leg-0295;"Légion\19. Unités sahariennes\281. BSPLE DRB - (N° 316).jpeg"
leg-0296;"Légion\19. Unités sahariennes\282. 1° BSPLE DRB - (N° 317).jpeg"
leg-0297;"Légion\19. Unités sahariennes\283. 2° BSPLE DRB - (N° 318_A).jpeg"
leg-0298;"Légion\19. Unités sahariennes\284. 2° BSPLE DRB - (N° 318_A).jpeg"
leg-0299;"Légion\19. Unités sahariennes\285. 2° BSPLE DRB - (N° 318_A).jpeg"
leg-0300;"Légion\19. Unités sahariennes\286. 2° BSPLE DRB - (N° 318_C).jpeg"
leg-0301;"Légion\19. Unités sahariennes\287. Non identifié Artisanale - (non répertorié).jpeg"
leg-0302;"Légion\19. Unités sahariennes\288. 1° CSPLE DRB - (N° 319).jpeg"
leg-0303;"Légion\19. Unités sahariennes\289. 1° CSPLE DRB - (N° 320_A).jpeg"
leg-0304;"Légion\19. Unités sahariennes\290. 1° CSPLE DP - (N° 320_B).jpeg"
leg-0305;"Légion\19. Unités sahariennes\291. 1° ESPLE DP - (N° 321).jpeg"
leg-0306;"Légion\20. Unités sahariennes\292. 2° CSPLE DP Argent - Matriculé 237 (N° 322).jpeg"
leg-0307;"Légion\20. Unités sahariennes\293. 2° CSPLE DP - (N° 322).jpeg"
leg-0308;"Légion\20. Unités sahariennes\294. 3° CSPLE DRB - (N° 323).jpeg"
leg-0309;"Légion\20. Unités sahariennes\295. 4° CSPLE DP - (N° 324).jpeg"
leg-0310;"Légion\20. Unités sahariennes\296. CDLE AFN DP - (N° 111).jpeg"
leg-0311;"Légion\20. Unités sahariennes\297. GCPLE DP - (N° 325).jpeg"
leg-0312;"Légion\20. Unités sahariennes\298. GPLE SNF Argent (N° 326).jpeg"
leg-0313;"Légion\20. Unités sahariennes\299. GPLE DRR - (N° 326).jpeg"
leg-0314;"Légion\20. Unités sahariennes\300. GPLE DP - (N° 326).jpeg"
leg-0315;"Légion\20. Unités sahariennes\301. 21° CPLE DP - Matriculé 306 (N° 327).jpeg"
leg-0316;"Légion\20. Unités sahariennes\302. 21° CPLE Artisanale (_) - Non répertorié.jpeg"
leg-0317;"Légion\20. Unités sahariennes\303. 22° CPLE DP - (N° 328).jpeg"
leg-0318;"Légion\20. Unités sahariennes\304. 23° CPLE DP - (N° 329).jpeg"
leg-0319;"Légion\21. Unités Génie Légion\305. 12° BPLE DRB - (N° 384).jpeg"
leg-0320;"Légion\21. Unités Génie Légion\306. 12° BPLE DRB - (N° 384).jpeg"
leg-0321;"Légion\21. Unités Génie Légion\307. CIGL Artisanale - (N° 340).jpeg"
leg-0322;"Légion\21. Unités Génie Légion\308. 4° CCB DRB Argent - (N° 344_A).jpeg"
leg-0323;"Légion\21. Unités Génie Légion\309. 4° CCB DRB - (N° 344_A).jpeg"
leg-0324;"Légion\21. Unités Génie Légion\310. 4° CCB Locale - (N° 344_A).jpeg"
leg-0325;"Légion\21. Unités Génie Légion\311. 15° CEG DP - (N° 338).jpeg"
leg-0326;"Légion\21. Unités Génie Légion\312. 16° CEG DOM Argent - (N° 335).jpeg"
leg-0327;"Légion\21. Unités Génie Légion\313. 16° CEG DOM - (N° 335).jpeg"
leg-0328;"Légion\21. Unités Génie Légion\314. 16° CEG Locale - (N° 335).jpeg"
leg-0329;"Légion\21. Unités Génie Légion\315. 16° CEG DOM Argent - (N° 336).jpeg"
leg-0330;"Légion\21. Unités Génie Légion\316. 16° CEG DOM - (N° 336).jpeg"
leg-0331;"Légion\21. Unités Génie Légion\317. 16° CEG Locale - (N° 336).jpeg"
leg-0332;"Légion\21. Unités Génie Légion\318. 22° BGL ABP - (N° 339).jpeg"
leg-0333;"Légion\22. Unités Génie Légion\319. 26° BGL DOM - (N° 337).jpeg"
leg-0334;"Légion\22. Unités Génie Légion\320. 38° CCB DRB - (N° 333).jpeg"
leg-0335;"Légion\22. Unités Génie Légion\321. 38° CCB DOM - (N° 333).jpeg"
leg-0336;"Légion\22. Unités Génie Légion\322. 38° CCB Locale - (N° 333).jpeg"
leg-0337;"Légion\22. Unités Génie Légion\323. 38° CCB ABP - (N° 334).jpeg"
leg-0338;"Légion\22. Unités Génie Légion\324. 39° CEFG DOM Argent - (N° 352).jpeg"
leg-0339;"Légion\22. Unités Génie Légion\325. 39° CEFG DOM - (N° 352).jpeg"
leg-0340;"Légion\22. Unités Génie Légion\326. 39° CEFG Locale - (N° 352).jpeg"
leg-0341;"Légion\22. Unités Génie Légion\327. 40° CCB Artisanale (N° 331_A).jpeg"
leg-0342;"Légion\22. Unités Génie Légion\328. 40° CCB SNF - Matriculé 920 (N° 331_A).jpeg"
leg-0343;"Légion\22. Unités Génie Légion\329. 40° CCB SNF - (N° 331_A).jpeg"
leg-0344;"Légion\22. Unités Génie Légion\330. 40° CCB Locale (N° 331_B).jpeg"
leg-0345;"Légion\22. Unités Génie Légion\331. 40° CCB Artisanale (N° 331_C).jpeg"
leg-0346;"Légion\22. Unités Génie Légion\332. 40° CCB ABP - (N° 332).jpeg"
leg-0347;"Légion\22. Unités Génie Légion\333. 61_21° CGL DOM Argent (N° 341_A).jpeg"
leg-0348;"Légion\22. Unités Génie Légion\334. 61_21° CGL DOM - (N° 341_A).jpeg"
leg-0349;"Légion\22. Unités Génie Légion\335. 61_21° CGL Locale - (N° 341_A).jpeg"
leg-0350;"Légion\24. Unités Génie Légion\348. 76° BGL DOM - Argent.jpeg"
leg-0351;"Légion\24. Unités Génie Légion\349. 76° BGL DOM - N° 030.jpeg"
leg-0352;"Légion\24. Unités Génie Légion\350. 76° BGL Locale - N° 435.jpeg"
leg-0353;"Légion\24. Unités Génie Légion\351. 76° BGL - ABP.jpeg"
leg-0354;"Légion\24. Unités Génie Légion\352. 76_3° CGL Air - Artisanale.jpeg"
leg-0355;"Légion\24. Unités Génie Légion\353. Son de bateaux pliants - Artisanale.jpeg"
leg-0356;"Légion\24. Unités Génie Légion\354. Son de bateaux pliants - DPN.jpeg"
leg-0357;"Légion\25. Unités Matériel Légion\355. 1° BOSM DOM - Argent (N° 354).jpeg"
leg-0358;"Légion\25. Unités Matériel Légion\356. 1° BOSM DRB - (N° 354).jpeg"
leg-0359;"Légion\25. Unités Matériel Légion\357. 1° BOSM Locale (N° 354).jpeg"
leg-0360;"Légion\25. Unités Matériel Légion\358. 1° BRM DP - (N° 355).jpeg"
leg-0361;"Légion\25. Unités Matériel Légion\359. 1° BRM DP - (N° 355).jpeg"
leg-0362;"Légion\25. Unités Matériel Légion\360. 1° CRLE DOM - Argent (N° 360).jpeg"
leg-0363;"Légion\25. Unités Matériel Légion\361. 1° CRLE DOM - (N° 360).jpeg"
leg-0364;"Légion\25. Unités Matériel Légion\362. 2° CRLE DRB - Argent (N° 361).jpeg"
leg-0365;"Légion\25. Unités Matériel Légion\363. 2° CRLE DOM - (N° 361).jpeg"
leg-0366;"Légion\25. Unités Matériel Légion\364. 2° CRLE Locale - (N° 361).jpeg"
leg-0367;"Légion\25. Unités Matériel Légion\365. 2° CREBLE DOM - Argent (N° 367).jpeg"
leg-0368;"Légion\25. Unités Matériel Légion\366. 2° CREBLE DRR Argent (N° 367).jpeg"
leg-0369;"Légion\25. Unités Matériel Légion\367. 2° CREBLE DOM (N° 367).jpeg"
leg-0370;"Légion\25. Unités Matériel Légion\368. 2° CREBLE Locale (N° 367).jpeg"
leg-0371;"Légion\25. Unités Matériel Légion\369. 3° CRLE DRR Argent (N° 362).jpeg"
leg-0372;"Légion\25. Unités Matériel Légion\370. 3° CRLE DOM (N° 362).jpeg"
leg-0373;"Légion\25. Unités Matériel Légion\371. 3° CMRLE AB - (N° 363).jpeg"
leg-0374;"Légion\25. Unités Matériel Légion\372. 4° CRLE DOM - (N° 364).jpeg"
leg-0375;"Légion\25. Unités Matériel Légion\373. 4° CRLE Locale - (N° 364).jpeg"
leg-0376;"Légion\26. Unités Matériel Légion\374. 4° CMRLE DOM - (N° 365).jpeg"
leg-0377;"Légion\26. Unités Matériel Légion\375. 4° CMRLE Locale - (N° 365).jpeg"
leg-0378;"Légion\26. Unités Matériel Légion\376. 5° CMRLE DOM Argent - (N° 366).jpeg"
leg-0379;"Légion\26. Unités Matériel Légion\377. 5° CMRLE DOM - (N° 366).jpeg"
leg-0380;"Légion\26. Unités Matériel Légion\378. 5° CMRLE Locale - (N° 366).jpeg"
leg-0381;"Légion\26. Unités Matériel Légion\379. 64° CRALE DRB - (N° 358).jpeg"
leg-0382;"Légion\26. Unités Matériel Légion\380. 64° CRALE DRB - (N° 358).jpeg"
leg-0383;"Légion\26. Unités Matériel Légion\381. 65° CRALE DRB Argent (N° 359).jpeg"
leg-0384;"Légion\26. Unités Matériel Légion\382. 65° CRALE DRB (N° 359).jpeg"
leg-0385;"Légion\26. Unités Matériel Légion\383. 723° CRALE - Artisanale (N° 356).jpeg"
leg-0386;"Légion\26. Unités Matériel Légion\384. 723° CRALE DRB - Argent Mat. 24 (N° 537).jpeg"
leg-0387;"Légion\26. Unités Matériel Légion\385. 723° CRALE DRB (N° 357).jpeg"
leg-0388;"Légion\26. Unités Matériel Légion\386. 675° CRALAT DP Argent.jpeg"
leg-0389;"Légion\26. Unités Matériel Légion\387. 675° CRALAT DP.jpeg"
leg-0390;"Légion\26. Unités Matériel Légion\388. 675° CRALAT DP.jpeg"
leg-0391;"Légion\27. Unités Train Légion\389. 1° CTQG DRR - (N° 371).jpeg"
leg-0392;"Légion\27. Unités Train Légion\390. 2° CTQG DOM - (372_A).jpeg"
leg-0393;"Légion\27. Unités Train Légion\391. 2° CTQG DOM - (N° 372_B).jpeg"
leg-0394;"Légion\27. Unités Train Légion\392. CLT 2_519 DP - (N° 368).jpeg"
leg-0395;"Légion\27. Unités Train Légion\393. CTLE 2_519 DOM - (N° 369).jpeg"
leg-0396;"Légion\27. Unités Train Légion\394. CTLE 2_519 DOM - (N° 369).jpeg"
leg-0397;"Légion\27. Unités Train Légion\395. CTLE 2_519 Locale - (N° 369).jpeg"
leg-0398;"Légion\27. Unités Train Légion\396. CTLE 3_516 DOM - Argent (N° 370).jpeg"
leg-0399;"Légion\27. Unités Train Légion\397. CTLE 3_516 DOM - (N° 370).jpeg"
leg-0400;"Légion\27. Unités Train Légion\398. CTLE 3_516 Locale - (N° 370).jpeg"
lev-0001;"Levant\1. Troupes spéciales du Levant\001. 1° BDL ABPD.png"
lev-0002;"Levant\1. Troupes spéciales du Levant\002. 2° BDL ABPD.jpeg"
lev-0003;"Levant\1. Troupes spéciales du Levant\003. 3° BDL Augis.png"
lev-0004;"Levant\1. Troupes spéciales du Levant\004. 3° BDL DRB.jpeg"
lev-0005;"Levant\1. Troupes spéciales du Levant\005. 3° BDL Artisanale.jpeg"
lev-0006;"Levant\1. Troupes spéciales du Levant\006. 4° BDL DRB.png"
lev-0007;"Levant\1. Troupes spéciales du Levant\007. 5° BDL SNF.jpeg"
lev-0008;"Levant\1. Troupes spéciales du Levant\008. 5° BDL Artisanale.png"
lev-0009;"Levant\1. Troupes spéciales du Levant\009. 5° BDL Artisanale.jpeg"
lev-0010;"Levant\1. Troupes spéciales du Levant\010. 6° BDL SNF.jpeg"
lev-0011;"Levant\1. Troupes spéciales du Levant\011. 7° BDL ABPD.png"
lev-0012;"Levant\1. Troupes spéciales du Levant\012. 7° BDL Artisanale.jpeg"
lev-0013;"Levant\1. Troupes spéciales du Levant\013. 7° BDL SNF.jpeg"
lev-0014;"Levant\1. Troupes spéciales du Levant\014. 7° BDL Artisanale.jpeg"
lev-0015;"Levant\1. Troupes spéciales du Levant\015. Bon Assyro-Chaldéen.jpeg"
lev-0016;"Levant\1. Troupes spéciales du Levant\016. Bon Assyro-Chaldéen.jpeg"
lev-0017;"Levant\2. Troupes spéciales du Levant\018. Groupement Druze SNF.jpeg"
lev-0018;"Levant\2. Troupes spéciales du Levant\019. Groupement Tcherkess SNF.jpeg"
lev-0019;"Levant\2. Troupes spéciales du Levant\020. Groupement Tcherkess Artisanale - avec banderole.jpeg"
lev-0020;"Levant\2. Troupes spéciales du Levant\021. 14° Escadron Tcherkess Artisanale.jpeg"
mar-0001;"Marine nationale\1. Marine nationale\001. 1° RFM Augis.jpeg"
mar-0002;"Marine nationale\1. Marine nationale\002. 1° RFM (Augis).jpeg"
mar-0003;"Marine nationale\1. Marine nationale\003. 1° RFM Augis.jpeg"
mar-0004;"Marine nationale\1. Marine nationale\004. 1° RFM Le Caire.jpeg"
mar-0005;"Marine nationale\1. Marine nationale\005. 1° RFM Hermès.jpeg"
mar-0006;"Marine nationale\1. Marine nationale\006. 1° RFM Locale EO.jpeg"
mar-0007;"Marine nationale\1. Marine nationale\007. Marine Indochine.jpeg"
mar-0008;"Marine nationale\1. Marine nationale\008. RBFM N° 208 Londres.jpeg"
mar-0009;"Marine nationale\1. Marine nationale\009. RBFM ArtisanaleEO.jpeg"
mar-0010;"Marine nationale\1. Marine nationale\010. RBFM Mardini.jpeg"
mar-0011;"Marine nationale\1. Marine nationale\011. RBFM SNF.jpeg"
mar-0012;"Marine nationale\1. Marine nationale\012. Groupe naval d'assaut (Graziani).jpeg"
mar-0013;"Marine nationale\1. Marine nationale\013. Groupe naval d'assaut (Arthus-Bertrand).jpeg"
mar-0014;"Marine nationale\1. Marine nationale\032. PATMAR Haïphong DRR.jpeg"
mar-0015;"Marine nationale\1. Marine nationale\033. DBFMCourtois.jpeg"
mar-0016;"Marine nationale\2. Marine nationale\28° 6° DNA Artisanale EO.jpeg"
mar-0017;"Marine nationale\2. Marine nationale\014. BMLEO Augis.jpeg"
mar-0018;"Marine nationale\2. Marine nationale\015. BMEO Artisanale EO.jpeg"
mar-0019;"Marine nationale\2. Marine nationale\016. BMEO Artisanale EO.jpeg"
mar-0020;"Marine nationale\2. Marine nationale\017. Flottille amph. Tonkin AB.jpeg"
mar-0021;"Marine nationale\2. Marine nationale\018. Flottille amphi. Augis.jpeg"
mar-0022;"Marine nationale\2. Marine nationale\019. Engins d'assaut (Courtois).jpeg"
mar-0023;"Marine nationale\2. Marine nationale\020. 1° DNA DOM.jpeg"
mar-0024;"Marine nationale\2. Marine nationale\021. 2° DNA DRB.jpeg"
mar-0025;"Marine nationale\2. Marine nationale\022. 2° DNA DRR.jpeg"
mar-0026;"Marine nationale\2. Marine nationale\023. 3° DNA (Courtois).jpeg"
mar-0027;"Marine nationale\2. Marine nationale\024. 4° DNA DOM.jpeg"
mar-0028;"Marine nationale\2. Marine nationale\025. 4° DNA DRR.jpeg"
mar-0029;"Marine nationale\2. Marine nationale\026. 4° DNA (Courtois).jpeg"
mar-0030;"Marine nationale\2. Marine nationale\027. 6° DNA DOM.jpeg"
mar-0031;"Marine nationale\2. Marine nationale\029. 8° DNA (Courtois).jpeg"
mar-0032;"Marine nationale\2. Marine nationale\030. 1° Esc. de vedettes.jpeg"
mar-0033;"Marine nationale\2. Marine nationale\031. 2° Esc. amphibie.jpeg"
rens-0001;"Renseignement\1. Renseignement\001. BICE SNF.jpeg"
rens-0002;"Renseignement\1. Renseignement\002. SSM ABPD N° 202.jpeg"
rens-0003;"Renseignement\1. Renseignement\003. Section BICE SNF.jpeg"
rens-0004;"Renseignement\1. Renseignement\004. SCM SNF N 3449.jpeg"
rens-0005;"Renseignement\1. Renseignement\005. B2 1° Armée H. BucherN° 28.jpeg"
rens-0006;"Renseignement\1. Renseignement\006. B2 1° Armée H. Bucher.jpeg"
rens-0007;"Renseignement\1. Renseignement\007. DSM Augis Argent N° 926.jpeg"
rens-0008;"Renseignement\1. Renseignement\008. DSM Locale EO.jpeg"
rens-0009;"Renseignement\1. Renseignement\009. DPSD FIA Argent.jpeg"
rens-0010;"Renseignement\1. Renseignement\010. DPSD FIA.jpeg"
rens-0011;"Renseignement\1. Renseignement\011. DPSD SNF.jpeg"
rens-0012;"Renseignement\2. Renseignement\012. Plaque DSM N° 008.jpeg"
rens-0013;"Renseignement\2. Renseignement\012. Plaque DSM N° 008 verso.jpeg"
rens-0014;"Renseignement\2. Renseignement\013. Plaque DPSD.jpeg"
rens-0015;"Renseignement\2. Renseignement\013. Plaque DPSD verso.jpeg"
stcyr-0001;"SAINT-CYR\1. Saint-Cyr\001. Alexandre 1er - SNF.jpeg"
stcyr-0002;"SAINT-CYR\1. Saint-Cyr\002. Mal Lyautey - SNF.jpeg"
stcyr-0003;"SAINT-CYR\1. Saint-Cyr\003. Plus grande France - AB Paris.jpeg"
stcyr-0004;"SAINT-CYR\1. Saint-Cyr\004. Marne et Verdun - SNF (Augis _).jpeg"
stcyr-0005;"SAINT-CYR\1. Saint-Cyr\005. Amitié franco-brit. - DRB.jpeg"
stcyr-0006;"SAINT-CYR\1. Saint-Cyr\006. Maréchal Pétain - DRB.jpeg"
stcyr-0007;"SAINT-CYR\1. Saint-Cyr\007. Ch. de Foucauld - DRB.jpeg"
stcyr-0008;"SAINT-CYR\1. Saint-Cyr\008. Ch. de Foucauld - DRB.jpeg"
stcyr-0009;"SAINT-CYR\1. Saint-Cyr\009. Ch. de Foucauld - DRB.jpeg"
stcyr-0010;"SAINT-CYR\1. Saint-Cyr\010. Croix de Provence - (AB).jpeg"
stcyr-0011;"SAINT-CYR\1. Saint-Cyr\011. Veille au drapeau - (AB).jpeg"
stcyr-0012;"SAINT-CYR\1. Saint-Cyr\012. Veille au drapeau - (AB).jpeg"
stcyr-0013;"SAINT-CYR\1. Saint-Cyr\013. Rome et Strasbourg - SNF.jpeg"
stcyr-0014;"SAINT-CYR\2. Saint-Cyr\19 Général Frère - (7 août 1949) DRB.jpeg"
stcyr-0015;"SAINT-CYR\2. Saint-Cyr\014. Nouveau bahut - AB.jpeg"
stcyr-0016;"SAINT-CYR\2. Saint-Cyr\015. Nouveau bahut - Artisanale.jpeg"
stcyr-0017;"SAINT-CYR\2. Saint-Cyr\016. Général Leclerc - AB.jpeg"
stcyr-0018;"SAINT-CYR\2. Saint-Cyr\017. Rhin et Danube AB. N° 133.jpeg"
stcyr-0019;"SAINT-CYR\2. Saint-Cyr\018. Rhin et Danube - DRB.jpeg"
stcyr-0020;"SAINT-CYR\2. Saint-Cyr\020. Garigliano - DOM.jpeg"
stcyr-0021;"SAINT-CYR\2. Saint-Cyr\021. Extrême-Orient DOM.jpeg"
stcyr-0022;"SAINT-CYR\2. Saint-Cyr\022. Extrême-Orient - DOM N° 411.jpeg"
stcyr-0023;"SAINT-CYR\2. Saint-Cyr\023. Maréchal de Lattre - Boutonnière Drago.jpeg"
stcyr-0024;"SAINT-CYR\2. Saint-Cyr\024. Mal de Lattre - DOM N° 112.jpeg"
stcyr-0025;"SAINT-CYR\2. Saint-Cyr\025. Mal de Lattre - DOM Argent.jpeg"
stcyr-0026;"SAINT-CYR\2. Saint-Cyr\026. Union française - DRR.jpeg"
stcyr-0027;"SAINT-CYR\2. Saint-Cyr\027. Union française - DRR N° 635.jpeg"
stcyr-0028;"SAINT-CYR\2. Saint-Cyr\028. Union française - DRR N° 331.jpeg"
stcyr-0029;"SAINT-CYR\3. Saint-Cyr\029. Ceux de DBP - DP.jpeg"
stcyr-0030;"SAINT-CYR\3. Saint-Cyr\030. Amilakvari - DPN.jpeg"
stcyr-0031;"SAINT-CYR\3. Saint-Cyr\031. Franchet d'Esperey - _Sanz freing_ DP.jpeg"
stcyr-0032;"SAINT-CYR\3. Saint-Cyr\032. Franchet d'Esperey - DP Argent.jpeg"
stcyr-0033;"SAINT-CYR\3. Saint-Cyr\033. Laperrine - DP.jpeg"
stcyr-0034;"SAINT-CYR\3. Saint-Cyr\034. Terre d'Afrique - DP N° 94 (10.08.1958).jpeg"
stcyr-0035;"SAINT-CYR\3. Saint-Cyr\035. Mal Bugeaud - DP (2 août 1959).jpeg"
stcyr-0036;"SAINT-CYR\3. Saint-Cyr\036. Lt Col. Jeanpierre - SNF (14 juillet 1960).jpeg"
stcyr-0037;"SAINT-CYR\3. Saint-Cyr\037. Lt Col. Jeanpierre - SNF (14 juillet 1960).jpeg"
stcyr-0038;"SAINT-CYR\3. Saint-Cyr\038. Vercors - AB (dos vaguelé).jpeg"
stcyr-0039;"SAINT-CYR\3. Saint-Cyr\039. Bir-Hakeim - AB (dos vaguelé).jpeg"
stcyr-0040;"SAINT-CYR\3. Saint-Cyr\040. Camerone - DP (21 juillet 1963).jpeg"
stcyr-0041;"SAINT-CYR\3. Saint-Cyr\041. Serment de 14 - DP (26 juillet 1964).jpeg"
stcyr-0042;"SAINT-CYR\4. Saint-Cyr\042. Corse et Provence - DP (25 juillet 1965).jpeg"
stcyr-0043;"SAINT-CYR\4. Saint-Cyr\043. Lt Col. Driant - DP N° 251 (24.07.1966).jpeg"
stcyr-0044;"SAINT-CYR\4. Saint-Cyr\044. Maréchal Juin - DP (23 juillet 1967).jpeg"
stcyr-0045;"SAINT-CYR\4. Saint-Cyr\045. Lt Col. de Sairigné - DP (21 juillet 1968).jpeg"
stcyr-0046;"SAINT-CYR\4. Saint-Cyr\046. Souv. de Napoléon - DP (27 juillet 1969).jpeg"
stcyr-0047;"SAINT-CYR\4. Saint-Cyr\047. Gal Gilles - DP (26 juillet 1970).jpeg"
stcyr-0048;"SAINT-CYR\4. Saint-Cyr\048. Gal de Gaulle - DP (25 juillet 1971).jpeg"
stcyr-0049;"SAINT-CYR\4. Saint-Cyr\049. Cne Danjou - DP (23 juillet 1972).jpeg"
stcyr-0050;"SAINT-CYR\4. Saint-Cyr\050. Cne Danjou - Drago (demi-taille).jpeg"
stcyr-0051;"SAINT-CYR\4. Saint-Cyr\051. Gal de Linares - DP.jpeg"
stcyr-0052;"SAINT-CYR\4. Saint-Cyr\052. Mal de Turenne - DP (21.07.1974).jpeg"
stcyr-0053;"SAINT-CYR\4. Saint-Cyr\053. LT Darthenay - AB.jpeg"
stcyr-0054;"SAINT-CYR\4. Saint-Cyr\054. Cne Guilleminot - DP (25 juillet 1976).jpeg"
stcyr-0055;"SAINT-CYR\4. Saint-Cyr\055. Cne de Cathelineau - Fraisse.jpeg"
stcyr-0056;"SAINT-CYR\4. Saint-Cyr\056. Mal Davout - Fraisse.jpeg"
stcyr-0057;"SAINT-CYR\5. Saint-Cyr\057. Gal Rollet - Fraisse.jpeg"
stcyr-0058;"SAINT-CYR\5. Saint-Cyr\058. Gal Lasalle - AB.jpeg"
stcyr-0059;"SAINT-CYR\5. Saint-Cyr\059. Montcalm - Fraisse.jpeg"
stcyr-0060;"SAINT-CYR\5. Saint-Cyr\060. Grande Armée - Fraisse.jpeg"
stcyr-0061;"SAINT-CYR\5. Saint-Cyr\061. Gal de Montsabert - Fraisse.jpeg"
stcyr-0062;"SAINT-CYR\5. Saint-Cyr\062. Lt Col. Gaucher - Fraisse.jpeg"
stcyr-0063;"SAINT-CYR\5. Saint-Cyr\063. Gal Monclar - SNF.jpeg"
stcyr-0064;"SAINT-CYR\5. Saint-Cyr\064.C. France Libre - Fraisse.jpeg"
stcyr-0065;"SAINT-CYR\5. Saint-Cyr\065. Gal Callies - AMC.jpeg"
stcyr-0066;"SAINT-CYR\5. Saint-Cyr\066. Lt Tom Morel - Balme.jpeg"
stcyr-0067;"SAINT-CYR\5. Saint-Cyr\067. Gal Delestraint - Balme.jpeg"
stcyr-0068;"SAINT-CYR\5. Saint-Cyr\068. Cne Hamacek - Balme.jpeg"
stcyr-0069;"SAINT-CYR\5. Saint-Cyr\069. Gal Guillaume - Balme.jpeg"
stcyr-0070;"SAINT-CYR\5. Saint-Cyr\070. CBA de Cointet - Balme.jpeg"
tap-0001;"TAP\4. TAP Infanterie 1° RCP 2017\041. 601° GIA ABPD.png"
tap-0002;"TAP\4. TAP Infanterie 1° RCP 2017\042. 602° GIA ABPD.png"
tap-0003;"TAP\4. TAP Infanterie 1° RCP 2017\043. 1° RCP SNF.png"
tap-0004;"TAP\4. TAP Infanterie 1° RCP 2017\044. 1° RCP SNF (peint).png"
tap-0005;"TAP\4. TAP Infanterie 1° RCP 2017\045. 1° RCP SNF (émaillé).png"
tap-0006;"TAP\4. TAP Infanterie 1° RCP 2017\046. 1° RCP Locale.jpeg"
tap-0007;"TAP\4. TAP Infanterie 1° RCP 2017\047. 1° RCP SNF peint.jpeg"
tap-0008;"TAP\4. TAP Infanterie 1° RCP 2017\048. 1° RCP AB.png"
tap-0009;"TAP\4. TAP Infanterie 1° RCP 2017\049. 1° RCP DRR.png"
tap-0010;"TAP\4. TAP Infanterie 1° RCP 2017\050. 1° RCP (Graziani).png"
tap-0011;"TAP\4. TAP Infanterie 1° RCP 2017\051. 1° RCP (Andor).png"
tap-0012;"TAP\4. TAP Infanterie 1° RCP 2017\052. 1° RCP SNF (Augis).jpeg"
tap-0013;"TAP\4. TAP Infanterie 1° RCP 2017\053. 1° RCP (Mourgeon).jpeg"
tap-0014;"TAP\4. TAP Infanterie 1° RCP 2017\054. 1° RCP (Mourgeon).jpeg"
tap-0015;"TAP\4. TAP Infanterie 1° RCP 2017\055. 1° RCP (Graziani).jpeg"
tap-0016;"TAP\4. TAP Infanterie 1° RCP 2017\056. 1° RCP SNF.jpeg"
tap-0017;"TAP\4. TAP Infanterie 1° RCP 2017\057. 1° RCP SNF.jpeg"
tap-0018;"TAP\4. TAP Infanterie 1° RCP 2017\058. 1° RCP Artisanale EO.jpeg"
tap-0019;"TAP\4. TAP Infanterie 1° RCP 2017\059. 1° RCP Artisanale EO.jpeg"
tap-0020;"TAP\4. TAP Infanterie 1° RCP 2017\060. 1° RCP (Augis).png"
tap-0021;"TAP\4. TAP Infanterie 1° RCP 2017\061. 1° RCP (Augis).jpeg"
tap-0022;"TAP\4. TAP Infanterie 1° RCP 2017\062. 1° RCP Augis.jpeg"
tap-0023;"TAP\1.TAP Bases Ecoles Dépôts\001. Section de paras Mourgeon.jpeg"
tap-0024;"TAP\1.TAP Bases Ecoles Dépôts\002. CETAP DRB.jpeg"
tap-0025;"TAP\1.TAP Bases Ecoles Dépôts\003. CES 3 - Arts et Insignes.jpeg"
tap-0026;"TAP\1.TAP Bases Ecoles Dépôts\004. CES 3 DOM.jpeg"
tap-0027;"TAP\1.TAP Bases Ecoles Dépôts\005. BETAP DP.jpeg"
tap-0028;"TAP\1.TAP Bases Ecoles Dépôts\006. BETAP SNF.jpeg"
tap-0029;"TAP\1.TAP Bases Ecoles Dépôts\007. ETAP DP.jpeg"
tap-0030;"TAP\1.TAP Bases Ecoles Dépôts\008. CITAPI DOM.jpeg"
tap-0031;"TAP\1.TAP Bases Ecoles Dépôts\010. BAPN Tonkin DOM.jpeg"
tap-0032;"TAP\1.TAP Bases Ecoles Dépôts\011. BAPN Tonkin Locale.jpeg"
tap-0033;"TAP\1.TAP Bases Ecoles Dépôts\012. BAPS DOM.jpeg"
tap-0034;"TAP\1.TAP Bases Ecoles Dépôts\014. CES Hanoï DOM.jpeg"
tap-0035;"TAP\1.TAP Bases Ecoles Dépôts\015. DTAP DOM.jpeg"
tap-0036;"TAP\2. Centres, GU, unités diverses 2017\016. GIBPOM DP.jpeg"
tap-0037;"TAP\2. Centres, GU, unités diverses 2017\017. BAP AFN DP.jpeg"
tap-0038;"TAP\2. Centres, GU, unités diverses 2017\018. BAP AFN SNF.jpeg"
tap-0039;"TAP\2. Centres, GU, unités diverses 2017\019. 25° DAP SNF.jpeg"
tap-0040;"TAP\2. Centres, GU, unités diverses 2017\020. 10° DP SNF.jpeg"
tap-0041;"TAP\2. Centres, GU, unités diverses 2017\021. 25° DIAP DP.jpeg"
tap-0042;"TAP\2. Centres, GU, unités diverses 2017\022. SGMMTA EO DOM.jpeg"
tap-0043;"TAP\2. Centres, GU, unités diverses 2017\023. EITA 341 DP.jpeg"
tap-0044;"TAP\2. Centres, GU, unités diverses 2017\024. SGMMTA AFN DP.jpeg"
tap-0045;"TAP\2. Centres, GU, unités diverses 2017\025. 1° RIAOM DP.jpeg"
tap-0046;"TAP\2. Centres, GU, unités diverses 2017\026. 1° RIAOM DP.jpeg"
tap-0047;"TAP\2. Centres, GU, unités diverses 2017\027. 10° RIAOM DP.jpeg"
tap-0048;"TAP\2. Centres, GU, unités diverses 2017\028. BGA 3_541 DP.jpeg"
tap-0049;"TAP\2. Centres, GU, unités diverses 2017\029. GCPA (Algérie) DP.jpeg"
tap-0050;"TAP\3.TAP  Période 1940 à 1945 (2017)\032. Brevet para FFL Fab. Allemande.jpeg"
tap-0051;"TAP\3.TAP  Période 1940 à 1945 (2017)\033. 1° Cie Inf. de l’air GQ.jpeg"
tap-0052;"TAP\3.TAP  Période 1940 à 1945 (2017)\034. 1° Allied Airborne SNF.jpeg"
tap-0053;"TAP\3.TAP  Période 1940 à 1945 (2017)\035. Brevet para US SNF.jpeg"
tap-0054;"TAP\3.TAP  Période 1940 à 1945 (2017)\036. Cdo de France SNF.jpeg"
tap-0055;"TAP\3.TAP  Période 1940 à 1945 (2017)\037. Cdo de France Art.jpeg"
tap-0056;"TAP\3.TAP  Période 1940 à 1945 (2017)\038. Cdo de France - Detachement Special SNF.jpeg"
tap-0057;"TAP\3.TAP  Période 1940 à 1945 (2017)\039. Cdo de France Artisanale.jpeg"
tap-0058;"TAP\3.TAP  Période 1940 à 1945 (2017)\040. 1° CCP FFL SNF.jpeg"
tap-0059;"TAP\5.TAP Infanterie (2) 1° à 21°\064. 1° RCP 8° Cie (AB).jpeg"
tap-0060;"TAP\5.TAP Infanterie (2) 1° à 21°\065. 1° RCP 3° Bon DRB.jpeg"
tap-0061;"TAP\5.TAP Infanterie (2) 1° à 21°\066. 2° RCP SES DRB.jpeg"
tap-0062;"TAP\5.TAP Infanterie (2) 1° à 21°\067. 9° RCP DP.jpeg"
tap-0063;"TAP\5.TAP Infanterie (2) 1° à 21°\068. 9° RCP Augis.jpeg"
tap-0064;"TAP\5.TAP Infanterie (2) 1° à 21°\069. 9° RCP AB.jpeg"
tap-0065;"TAP\5.TAP Infanterie (2) 1° à 21°\070. 14° RI AB.jpeg"
tap-0066;"TAP\5.TAP Infanterie (2) 1° à 21°\071. 14° RIPC Courtois.jpeg"
tap-0067;"TAP\5.TAP Infanterie (2) 1° à 21°\072. 14° RCP DP.jpeg"
tap-0068;"TAP\5.TAP Infanterie (2) 1° à 21°\073. 18° RIPC Mardini.jpeg"
tap-0069;"TAP\5.TAP Infanterie (2) 1° à 21°\074. 18° RIPC SNF.jpeg"
tap-0070;"TAP\5.TAP Infanterie (2) 1° à 21°\075. 18° RIPC DOM Argenté.jpeg"
tap-0071;"TAP\5.TAP Infanterie (2) 1° à 21°\076. 18° RIPC DRR.jpeg"
tap-0072;"TAP\5.TAP Infanterie (2) 1° à 21°\077. 18° RCP Argent DP.jpeg"
tap-0073;"TAP\5.TAP Infanterie (2) 1° à 21°\078. 18° RCP DP.jpeg"
tap-0074;"TAP\5.TAP Infanterie (2) 1° à 21°\079. 18° RCP SES.jpeg"
tap-0075;"TAP\5.TAP Infanterie (2) 1° à 21°\080. 19° BPA AB.jpeg"
tap-0076;"TAP\5.TAP Infanterie (2) 1° à 21°\081. 21° RIAP AB.jpeg"
tap-0077;"TAP\6.TAP Infanterie (3) 5° et 10° BCAP 2017\082. 5° BCAP (Graziani).jpeg"
tap-0078;"TAP\6.TAP Infanterie (3) 5° et 10° BCAP 2017\083. 5° BCAP AB.jpeg"
tap-0079;"TAP\6.TAP Infanterie (3) 5° et 10° BCAP 2017\084. 10° BPCP AB.jpeg"
tap-0080;"TAP\6.TAP Infanterie (3) 5° et 10° BCAP 2017\085. 10° BPCP DP.jpeg"
tap-0081;"TAP\7.TAP 1° Choc 2017\086. Brigade de choc Artisanale.jpeg"
tap-0082;"TAP\7.TAP 1° Choc 2017\087. 1° Choc SNF (peint).jpeg"
tap-0083;"TAP\7.TAP 1° Choc 2017\088. 1° Choc Fraisse D.jpeg"
tap-0084;"TAP\7.TAP 1° Choc 2017\089. 1° Choc DRB.jpeg"
tap-0085;"TAP\7.TAP 1° Choc 2017\090. 1° Choc (avec 1er) Artisanale.jpeg"
tap-0086;"TAP\7.TAP 1° Choc 2017\091. 1° Choc SNF.jpeg"
tap-0087;"TAP\7.TAP 1° Choc 2017\092. 1° Choc (AB).jpeg"
tap-0088;"TAP\7.TAP 1° Choc 2017\093. 1° Choc (Graziani).jpeg"
tap-0089;"TAP\7.TAP 1° Choc 2017\094. 1° Choc Janvier-Ber. N°.jpeg"
tap-0090;"TAP\7.TAP 1° Choc 2017\095. 1° Choc DRB.jpeg"
tap-0091;"TAP\7.TAP 1° Choc 2017\096. 1° Choc Artisanale.jpeg"
tap-0092;"TAP\7.TAP 1° Choc 2017\097. 1° Choc (Mourgeon).jpeg"
tap-0093;"TAP\7.TAP 1° Choc 2017\098. 1° Choc (Mourgeon).jpeg"
tap-0094;"TAP\7.TAP 1° Choc 2017\099. 1° Choc SNF.jpeg"
tap-0095;"TAP\7.TAP 1° Choc 2017\100. 1° Choc Courtois.jpeg"
tap-0096;"TAP\7.TAP 1° Choc 2017\101. 1° Choc DP.jpeg"
tap-0097;"TAP\8.TAP 2° Choc à CIRP 2017\102. 2° Choc SNF.jpeg"
tap-0098;"TAP\8.TAP 2° Choc à CIRP 2017\103. 2° Choc SNF.jpeg"
tap-0099;"TAP\8.TAP 2° Choc à CIRP 2017\104. 2° Choc Artisanale.jpeg"
tap-0100;"TAP\8.TAP 2° Choc à CIRP 2017\105. 2° Choc (fond plein) SNF.jpeg"
tap-0101;"TAP\8.TAP 2° Choc à CIRP 2017\106. 2° Choc SNF.jpeg"
tap-0102;"TAP\8.TAP 2° Choc à CIRP 2017\107. 2° Choc SNF.jpeg"
tap-0103;"TAP\8.TAP 2° Choc à CIRP 2017\108. 2° Choc Artisanale.jpeg"
tap-0104;"TAP\8.TAP 2° Choc à CIRP 2017\109. 2° Choc Artisanale.jpeg"
tap-0105;"TAP\8.TAP 2° Choc à CIRP 2017\110. 2° Choc (Welter).jpeg"
tap-0106;"TAP\8.TAP 2° Choc à CIRP 2017\111. 2° Choc DRB.jpeg"
tap-0107;"TAP\8.TAP 2° Choc à CIRP 2017\112. 11° BCAP DOM.jpeg"
tap-0108;"TAP\8.TAP 2° Choc à CIRP 2017\113. 11° BPC DP.jpeg"
tap-0109;"TAP\8.TAP 2° Choc à CIRP 2017\114. 12° BPC (G. 1312) AB.jpeg"
tap-0110;"TAP\8.TAP 2° Choc à CIRP 2017\115. CIRP AB.jpeg"
tap-0111;"TAP\9.TAP DBPEO à 2° BCCP 2017\116. 1° DBPEO - DRB.jpeg"
tap-0112;"TAP\9.TAP DBPEO à 2° BCCP 2017\117. 1° DBPEO - DOM.jpeg"
tap-0113;"TAP\9.TAP DBPEO à 2° BCCP 2017\118. 1° DBPEO - Artisanale EO.jpeg"
tap-0114;"TAP\9.TAP DBPEO à 2° BCCP 2017\119. 1° DBPEO - Artisanale EO.jpeg"
tap-0115;"TAP\9.TAP DBPEO à 2° BCCP 2017\120. 1° DBPEO - Locale EO.jpeg"
tap-0116;"TAP\9.TAP DBPEO à 2° BCCP 2017\121. 1° DBPEO - Locale EO.jpeg"
tap-0117;"TAP\9.TAP DBPEO à 2° BCCP 2017\122. 5° BPIC - AB.jpeg"
tap-0118;"TAP\9.TAP DBPEO à 2° BCCP 2017\123. 1° BCCP - DOM.jpeg"
tap-0119;"TAP\9.TAP DBPEO à 2° BCCP 2017\124. 1° BCCP - Artisanale EO.jpeg"
tap-0120;"TAP\9.TAP DBPEO à 2° BCCP 2017\125. MEO 2° BCCP N° 085 - Artisanale EO.jpeg"
tap-0121;"TAP\9.TAP DBPEO à 2° BCCP 2017\126. 2° BCCP - DOM.jpeg"
tap-0122;"TAP\9.TAP DBPEO à 2° BCCP 2017\127. 2° BCCP - Locale EO.jpeg"
tap-0123;"TAP\9.TAP DBPEO à 2° BCCP 2017\128. 2° BCCP - Locale EO.jpeg"
tap-0124;"TAP\9.TAP DBPEO à 2° BCCP 2017\129. 2° BCCP - Artisanale EO.jpeg"
tap-0125;"TAP\10.TAP 3° à 6° BCCP 2017\130. 3° BCCP - DRR.jpeg"
tap-0126;"TAP\10.TAP 3° à 6° BCCP 2017\131. 3° BCCP - DP.jpeg"
tap-0127;"TAP\10.TAP 3° à 6° BCCP 2017\132. 3° BCCP - (AB).jpeg"
tap-0128;"TAP\10.TAP 3° à 6° BCCP 2017\133. 3° BCCP - Locale EO.jpeg"
tap-0129;"TAP\10.TAP 3° à 6° BCCP 2017\134. 4° BCCP DRB.jpeg"
tap-0130;"TAP\10.TAP 3° à 6° BCCP 2017\135. 4° BCCP DP.jpeg"
tap-0131;"TAP\10.TAP 3° à 6° BCCP 2017\136. 5° BCCP Argent DRB.jpeg"
tap-0132;"TAP\10.TAP 3° à 6° BCCP 2017\137. 5° BCCP DRB.jpeg"
tap-0133;"TAP\10.TAP 3° à 6° BCCP 2017\138. 5° BCCP Locale.jpeg"
tap-0134;"TAP\10.TAP 3° à 6° BCCP 2017\139. 5° BCCP Courtois.jpeg"
tap-0135;"TAP\10.TAP 3° à 6° BCCP 2017\140. 6° BCCP Argent DOM.jpeg"
tap-0136;"TAP\10.TAP 3° à 6° BCCP 2017\141. 6° BCCP DOM.jpeg"
tap-0137;"TAP\10.TAP 3° à 6° BCCP 2017\142. 6° BCCP Locale.jpeg"
tap-0138;"TAP\11.TAP 7° à 10° BPC 2017\143. 7° BCCP Argent DOM.jpeg"
tap-0139;"TAP\11.TAP 7° à 10° BPC 2017\144. 7° BCCP DOM.jpeg"
tap-0140;"TAP\11.TAP 7° à 10° BPC 2017\145. 7° BCCP Locale.jpeg"
tap-0141;"TAP\11.TAP 7° à 10° BPC 2017\146. 7° BCCP Locale.jpeg"
tap-0142;"TAP\11.TAP 7° à 10° BPC 2017\147. 8° GCP DRR.jpeg"
tap-0143;"TAP\11.TAP 7° à 10° BPC 2017\148. 8° GCP surchargé DRR.jpeg"
tap-0144;"TAP\11.TAP 7° à 10° BPC 2017\149. 8° BPC DP.jpeg"
tap-0145;"TAP\11.TAP 7° à 10° BPC 2017\150. 8° BPC Locale.jpeg"
tap-0146;"TAP\11.TAP 7° à 10° BPC 2017\151. 10° BPC Argent DOM.jpeg"
tap-0147;"TAP\11.TAP 7° à 10° BPC 2017\152. 10° BPC DOM.jpeg"
tap-0148;"TAP\11.TAP 7° à 10° BPC 2017\153. 10° BPC Locale.jpeg"
tap-0149;"TAP\12.TAP RPC et RPIMa (1) 2017\155. 1° RPC DP.jpeg"
tap-0150;"TAP\12.TAP RPC et RPIMa (1) 2017\156. 2° RPC Augis.jpeg"
tap-0151;"TAP\12.TAP RPC et RPIMa (1) 2017\157. 2° RPC Augis.jpeg"
tap-0152;"TAP\12.TAP RPC et RPIMa (1) 2017\158. 2° RPC Courtois.jpeg"
tap-0153;"TAP\12.TAP RPC et RPIMa (1) 2017\159. 2° RPIMa DP.jpeg"
tap-0154;"TAP\12.TAP RPC et RPIMa (1) 2017\160. 3° RPC DP.jpeg"
tap-0155;"TAP\12.TAP RPC et RPIMa (1) 2017\161. 3° RPIMa SNF.jpeg"
tap-0156;"TAP\12.TAP RPC et RPIMa (1) 2017\162. 3° RPIMa DP.jpeg"
tap-0157;"TAP\12.TAP RPC et RPIMa (1) 2017\163. 5° BPIMa DP.jpeg"
tap-0158;"TAP\12.TAP RPC et RPIMa (1) 2017\164. 6° RPC OFSI.jpeg"
tap-0159;"TAP\12.TAP RPC et RPIMa (1) 2017\165. 6° RPC DP.jpeg"
tap-0160;"TAP\12.TAP RPC et RPIMa (1) 2017\166. 6° RPIMa OFSI.jpeg"
tap-0161;"TAP\12.TAP RPC et RPIMa (1) 2017\167. 6° RPIMa Arémail.jpeg"
tap-0162;"TAP\12.TAP RPC et RPIMa (1) 2017\168. 6° RPIMa DP.jpeg"
tap-0163;"TAP\13.TAP RPC et RPIMa (2) 2017\169. RPC DP.jpeg"
tap-0164;"TAP\13.TAP RPC et RPIMa (2) 2017\170. 7° RPC DP.jpeg"
tap-0165;"TAP\13.TAP RPC et RPIMa (2) 2017\171. 7° RPIMa DP.jpeg"
tap-0166;"TAP\13.TAP RPC et RPIMa (2) 2017\172. 8° RPC OFSI.jpeg"
tap-0167;"TAP\13.TAP RPC et RPIMa (2) 2017\173. 8° RPC DP.jpeg"
tap-0168;"TAP\13.TAP RPC et RPIMa (2) 2017\174. 8° RPIMa DP.jpeg"
tap-0169;"TAP\13.TAP RPC et RPIMa (2) 2017\175. 8° RPIMa DP.jpeg"
tap-0170;"TAP\13.TAP RPC et RPIMa (2) 2017\176. Cdo Guillaume DP.jpeg"
tap-0171;"TAP\13.TAP RPC et RPIMa (2) 2017\177. Cdo Dam-San DP.jpeg"
tap-0172;"TAP\13.TAP RPC et RPIMa (2) 2017\178. GCCP Madagascar DP.jpeg"
tap-0173;"TAP\13.TAP RPC et RPIMa (2) 2017\179.GCCP RG DP.jpeg"
tap-0174;"TAP\13.TAP RPC et RPIMa (2) 2017\180. GCCP AEF DP.jpeg"
tap-0175;"TAP\13.TAP RPC et RPIMa (2) 2017\181. CPIMa DP.jpeg"
tap-0176;"TAP\13.TAP RPC et RPIMa (2) 2017\182. CPIMa DP.jpeg"
tap-0177;"TAP\13.TAP RPC et RPIMa (2) 2017\183. 6° CPIMa DP.jpeg"
tap-0178;"TAP\14.TAP Artillerie  2017\169. 20° RALP DRB.jpeg"
tap-0179;"TAP\14.TAP Artillerie  2017\184. 5° RACAP DP Argent.jpeg"
tap-0180;"TAP\14.TAP Artillerie  2017\185. 5° RACAP DP.jpeg"
tap-0181;"TAP\14.TAP Artillerie  2017\186. 5° RACAP Locale.jpeg"
tap-0182;"TAP\14.TAP Artillerie  2017\187. 6° RALP AB Ed.jpeg"
tap-0183;"TAP\14.TAP Artillerie  2017\188. 6° RALP (Mourgeon).jpeg"
tap-0184;"TAP\14.TAP Artillerie  2017\190. 20° GAP OFSI.jpeg"
tap-0185;"TAP\14.TAP Artillerie  2017\191. 20° GAP AB.jpeg"
tap-0186;"TAP\14.TAP Artillerie  2017\192. 20° GAP SNF.jpeg"
tap-0187;"TAP\14.TAP Artillerie  2017\193. 35° RAP Arts et insignes.jpeg"
tap-0188;"TAP\14.TAP Artillerie  2017\194. 35° RAP DRB.jpeg"
tap-0189;"TAP\14.TAP Artillerie  2017\195. 35° RAP DP Argent.jpeg"
tap-0190;"TAP\14.TAP Artillerie  2017\196. 35° RAP Andor.jpeg"
tap-0191;"TAP\14.TAP Artillerie  2017\197. 35° RAP DP.jpeg"
tap-0192;"TAP\14.TAP Artillerie  2017\198. 475° GAALP DP.jpeg"
tap-0193;"TAP\15. ABC Génie Trans 2017\199. 1° RHP DP.jpeg"
tap-0194;"TAP\15. ABC Génie Trans 2017\200. 1° RHP Courtois.jpeg"
tap-0195;"TAP\15. ABC Génie Trans 2017\201. 13° RDP DP.jpeg"
tap-0196;"TAP\15. ABC Génie Trans 2017\202. 17° RGAP Moret.jpeg"
tap-0197;"TAP\15. ABC Génie Trans 2017\203. 17° BGAP DP Argent.jpeg"
tap-0198;"TAP\15. ABC Génie Trans 2017\204. 17° RGAP DP.jpeg"
tap-0199;"TAP\15. ABC Génie Trans 2017\205. 60° CGAP DP.jpeg"
tap-0200;"TAP\15. ABC Génie Trans 2017\206. 75° CGAP.jpeg"
tap-0201;"TAP\15. ABC Génie Trans 2017\207. 60° CTAP DP.jpeg"
tap-0202;"TAP\15. ABC Génie Trans 2017\208. 342° CTAP DP.jpeg"
tap-0203;"TAP\15. ABC Génie Trans 2017\209. 61° BTAP DP.jpeg"
tap-0204;"TAP\15. ABC Génie Trans 2017\210. 75° CTAP DOM.jpeg"
tap-0205;"TAP\15. ABC Génie Trans 2017\211. 75° CTAP Locale EO.jpeg"
tap-0206;"TAP\15. ABC Génie Trans 2017\212. 75° CTAP DP.jpeg"
tap-0207;"TAP\16.TAP Train (1) 2017\213. 1° CRA Arts et Insignes.jpeg"
tap-0208;"TAP\16.TAP Train (1) 2017\214. 1° CRA Argent DP.jpeg"
tap-0209;"TAP\16.TAP Train (1) 2017\215. 1° CLA DP.jpeg"
tap-0210;"TAP\16.TAP Train (1) 2017\216. 1° GLA.DP.jpeg"
tap-0211;"TAP\16.TAP Train (1) 2017\217. 2° CRA DOM.jpeg"
tap-0212;"TAP\16.TAP Train (1) 2017\218. 2° CLA DP.jpeg"
tap-0213;"TAP\16.TAP Train (1) 2017\219. 2° GLA OFSI.jpeg"
tap-0214;"TAP\16.TAP Train (1) 2017\220. CRA _EO DOM.jpeg"
tap-0215;"TAP\16.TAP Train (1) 2017\221. CRA_EO Locale.jpeg"
tap-0216;"TAP\16.TAP Train (1) 2017\222. 3° CLA DP.jpeg"
tap-0217;"TAP\16.TAP Train (1) 2017\223. 3° GLA DP.jpeg"
tap-0218;"TAP\16.TAP Train (1) 2017\224. 4° CLA TDM DP.jpeg"
tap-0219;"TAP\16.TAP Train (1) 2017\225. Train 25° DP DOM.jpeg"
tap-0220;"TAP\16.TAP Train (1) 2017\226. 60° CQG GPI DP.jpeg"
tap-0221;"TAP\16.TAP Train (1) 2017\227. 60° CQG 10°DP.jpeg"
tap-0222;"TAP\16.TAP Train (1) 2017\228. 61° CQG 11° DLI DP.jpeg"
tap-0223;"TAP\16.TAP Train (1) 2017\229. 61° EQG 11° DIV DP.jpeg"
tap-0224;"TAP\17.TAP Train (2) 2017\230. 75° CQG 25° DP.jpeg"
tap-0225;"TAP\17.TAP Train (2) 2017\231. CIT 155 DP.jpeg"
tap-0226;"TAP\17.TAP Train (2) 2017\232. CIT 155 DP Argent.jpeg"
tap-0227;"TAP\17.TAP Train (2) 2017\233. CIT 155 DP.jpeg"
tap-0228;"TAP\17.TAP Train (2) 2017\234. GT 507 DOM.jpeg"
tap-0229;"TAP\17.TAP Train (2) 2017\235. GT 507 Locale.jpeg"
tap-0230;"TAP\17.TAP Train (2) 2017\236. GT 507 DP Argent.jpeg"
tap-0231;"TAP\17.TAP Train (2) 2017\237. GT 507 OFSI.jpeg"
tap-0232;"TAP\17.TAP Train (2) 2017\238. GT 507 DP.jpeg"
tap-0233;"TAP\17.TAP Train (2) 2017\239. 420° CQG 11° DP.jpeg"
tap-0234;"TAP\17.TAP Train (2) 2017\240. GT 513 DP.jpeg"
tap-0235;"TAP\17.TAP Train (2) 2017\241. GT 513 DP.jpeg"
tap-0236;"TAP\17.TAP Train (2) 2017\242. GT 513 DP.jpeg"
tap-0237;"TAP\17.TAP Train (2) 2017\243. GET 513 DP.jpeg"
tap-0238;"TAP\17.TAP Train (2) 2017\244. 425° BCS DP.jpeg"
tap-0239;"TAP\18.TAP Matériel  Intendance\245. 191° SEP DP.jpeg"
tap-0240;"TAP\18.TAP Matériel  Intendance\246. 191° SEP DP.jpeg"
tap-0241;"TAP\18.TAP Matériel  Intendance\247. 191° GM DP.jpeg"
tap-0242;"TAP\18.TAP Matériel  Intendance\248. Matériel TAP DP.jpeg"
tap-0243;"TAP\18.TAP Matériel  Intendance\249. Matériel TAP (Montage).jpeg"
tap-0244;"TAP\18.TAP Matériel  Intendance\250. Matériel TAP DP.jpeg"
tap-0245;"TAP\18.TAP Matériel  Intendance\251. 75° CRM DP.jpeg"
tap-0246;"TAP\18.TAP Matériel  Intendance\252. 75° CRD DP.jpeg"
tap-0247;"TAP\18.TAP Matériel  Intendance\253. 61° CRD DP.jpeg"
tap-0248;"TAP\18.TAP Matériel  Intendance\254. 60° CRD DP.jpeg"
tap-0249;"TAP\18.TAP Matériel  Intendance\255. 91° CM DRB.jpeg"
tap-0250;"TAP\18.TAP Matériel  Intendance\256. 191° CMRP DP.jpeg"
tap-0251;"TAP\18.TAP Matériel  Intendance\257. 75° SRI 25° DP AB.jpeg"
tap-0252;"TAP\18.TAP Matériel  Intendance\258. 61° SRI 11° DP AB.jpeg"
tap-0253;"TAP\18.TAP Matériel  Intendance\259. GE 191 DRB.jpeg"
tap-0254;"TAP\18.TAP Matériel  Intendance\311. 191° GE DRB Argent.jpeg"
tap-0255;"TAP\19.TAP  Santé ALAT 2017\260. 5°SIM DP.jpeg"
tap-0256;"TAP\19.TAP  Santé ALAT 2017\261. 405° CMP DP.jpeg"
tap-0257;"TAP\19.TAP  Santé ALAT 2017\262. 61° CMP DP.jpeg"
tap-0258;"TAP\19.TAP  Santé ALAT 2017\263. 75° CMA DOM.jpeg"
tap-0259;"TAP\19.TAP  Santé ALAT 2017\264. PA 10° DP SNF.jpeg"
tap-0260;"TAP\19.TAP  Santé ALAT 2017\265. PA 10° DP DP.jpeg"
tap-0261;"TAP\19.TAP  Santé ALAT 2017\266. PMAH 25° DP DP.jpeg"
tap-0262;"TAP\19.TAP  Santé ALAT 2017\267. GALDIV 11° DP DP.jpeg"
tap-0263;"TAP\20.TAP Unités autochtones  (1) BPVN\268. 1° BPVN Argent DOM.jpeg"
tap-0264;"TAP\20.TAP Unités autochtones  (1) BPVN\269. 1° BPVN DOM.jpeg"
tap-0265;"TAP\20.TAP Unités autochtones  (1) BPVN\270. 1° BPVN DOM.jpeg"
tap-0266;"TAP\20.TAP Unités autochtones  (1) BPVN\271. 1° BPVN Locale.jpeg"
tap-0267;"TAP\20.TAP Unités autochtones  (1) BPVN\272. 3° BPVN DOM.jpeg"
tap-0268;"TAP\20.TAP Unités autochtones  (1) BPVN\273. 3° BPVN Locale.jpeg"
tap-0269;"TAP\20.TAP Unités autochtones  (1) BPVN\274. 5° BPVN DRR EvidéArgent (_).jpeg"
tap-0270;"TAP\20.TAP Unités autochtones  (1) BPVN\275. 5° BPVN DRR.jpeg"
tap-0271;"TAP\20.TAP Unités autochtones  (1) BPVN\276. 6° BPVN DP.jpeg"
tap-0272;"TAP\20.TAP Unités autochtones  (1) BPVN\277. 7° BPVN AB Matriculé.jpeg"
tap-0273;"TAP\20.TAP Unités autochtones  (1) BPVN\278. 1° CCPL DP.jpeg"
tap-0274;"TAP\20.TAP Unités autochtones  (1) BPVN\279. 1° BPL DOM Argent.jpeg"
tap-0275;"TAP\20.TAP Unités autochtones  (1) BPVN\280. 1° BPL DOM.jpeg"
tap-0276;"TAP\20.TAP Unités autochtones  (1) BPVN\281. 1° BPL Locale.jpeg"
tap-0277;"TAP\21.TAP Unités autochtones  (2)  GCMA\282. CIP Artisanale.jpeg"
tap-0278;"TAP\21.TAP Unités autochtones  (2)  GCMA\283. CIP DOM.jpeg"
tap-0279;"TAP\21.TAP Unités autochtones  (2)  GCMA\284. 1° BPK DRR.jpeg"
tap-0280;"TAP\21.TAP Unités autochtones  (2)  GCMA\285. 1° CPGVN Artisanale.jpeg"
tap-0281;"TAP\21.TAP Unités autochtones  (2)  GCMA\286. 3° CPGVN DP.jpeg"
tap-0282;"TAP\21.TAP Unités autochtones  (2)  GCMA\287. 1° CPGVN Artisanale.jpeg"
tap-0283;"TAP\21.TAP Unités autochtones  (2)  GCMA\288. Cdo Cu Lao Ré - DOM.jpeg"
tap-0284;"TAP\21.TAP Unités autochtones  (2)  GCMA\289. Forces Hré Libres - Argent Decat.jpeg"
tap-0285;"TAP\21.TAP Unités autochtones  (2)  GCMA\290. Forces Hré Libres - Decat.jpeg"
tap-0286;"TAP\21.TAP Unités autochtones  (2)  GCMA\291. Commando N° 2 - Artisanale.jpeg"
tap-0287;"TAP\21.TAP Unités autochtones  (2)  GCMA\292. GCMA Artisanale.jpeg"
tap-0288;"TAP\21.TAP Unités autochtones  (2)  GCMA\293. GCMA Artisanale.jpeg"
tap-0289;"TAP\21.TAP Unités autochtones  (2)  GCMA\294. GCMA Artisanale.jpeg"
tap-0290;"TAP\22. TAP Unités autochtones (3) Ponchardier\295. Cdo d’Extrême-Orient Art.jpeg"
tap-0291;"TAP\22. TAP Unités autochtones (3) Ponchardier\296. Cdo d’Extrême-Orient Art.jpeg"
tap-0292;"TAP\22. TAP Unités autochtones (3) Ponchardier\297. Cdo de France (EO) Art.jpeg"
tap-0293;"TAP\22. TAP Unités autochtones (3) Ponchardier\298. Cdo Ponchardier Artisanale.jpeg"
tap-0294;"TAP\22. TAP Unités autochtones (3) Ponchardier\299. Cdo Ponchardier Artisanale.jpeg"
tap-0295;"TAP\22. TAP Unités autochtones (3) Ponchardier\300. Cdo Ponchardier Artisanale.jpeg"
tap-0296;"TAP\22. TAP Unités autochtones (3) Ponchardier\301. Cdo Ponchardier Artisanale.jpeg"
tap-0297;"TAP\22. TAP Unités autochtones (3) Ponchardier\302. Cdo Ponchardier Artisanale.jpeg"
tap-0298;"TAP\22. TAP Unités autochtones (3) Ponchardier\303. Cdo Conus Artisanale.jpeg"
tap-0299;"TAP\22. TAP Unités autochtones (3) Ponchardier\304. Cdo Conus Artisanale.jpeg"
tap-0300;"TAP\23. TAP Unités autochtones (4) Force 136\305. Force 136 Artisanale.jpeg"
tap-0301;"TAP\23. TAP Unités autochtones (4) Force 136\306. Force 136 Artisanale.jpeg"
tap-0302;"TAP\23. TAP Unités autochtones (4) Force 136\307. Forces du Laos Artisanale.jpeg"
tap-0303;"TAP\23. TAP Unités autochtones (4) Force 136\308. Non identifié Cambodge Artisanale.jpeg"
tap-0304;"TAP\23. TAP Unités autochtones (4) Force 136\309. Brevet britannique Locale.jpeg"
tap-0305;"TAP\23. TAP Unités autochtones (4) Force 136\310. BRCS Colonel Serot Artisanale.jpeg"
tap-0306;"TAP\23. TAP Unités autochtones (4) Force 136\312. GT. 513 DP Argent.jpeg"
tap-0307;"TAP\24. TAP Compléments\312. GT 513 DP Argent.jpeg"
